
Mini_Project_4.elf:     file format elf32-avr

Sections:
Idx Name          Size      VMA       LMA       File off  Algn
  0 .text         00002530  00000000  00000000  00000094  2**1
                  CONTENTS, ALLOC, LOAD, READONLY, CODE
  1 .data         00000116  00800060  00002530  000025c4  2**0
                  CONTENTS, ALLOC, LOAD, DATA
  2 .bss          00000007  00800176  00800176  000026da  2**0
                  ALLOC
  3 .debug_aranges 000002f8  00000000  00000000  000026da  2**0
                  CONTENTS, READONLY, DEBUGGING
  4 .debug_pubnames 0000044d  00000000  00000000  000029d2  2**0
                  CONTENTS, READONLY, DEBUGGING
  5 .debug_info   000031e8  00000000  00000000  00002e1f  2**0
                  CONTENTS, READONLY, DEBUGGING
  6 .debug_abbrev 00001917  00000000  00000000  00006007  2**0
                  CONTENTS, READONLY, DEBUGGING
  7 .debug_line   00002167  00000000  00000000  0000791e  2**0
                  CONTENTS, READONLY, DEBUGGING
  8 .debug_frame  000003d0  00000000  00000000  00009a88  2**2
                  CONTENTS, READONLY, DEBUGGING
  9 .debug_str    00000774  00000000  00000000  00009e58  2**0
                  CONTENTS, READONLY, DEBUGGING
 10 .debug_loc    0000096e  00000000  00000000  0000a5cc  2**0
                  CONTENTS, READONLY, DEBUGGING
 11 .debug_ranges 00000180  00000000  00000000  0000af3a  2**0
                  CONTENTS, READONLY, DEBUGGING

Disassembly of section .text:

00000000 <__vectors>:
       0:	0c 94 2a 00 	jmp	0x54	; 0x54 <__ctors_end>
       4:	0c 94 47 00 	jmp	0x8e	; 0x8e <__bad_interrupt>
       8:	0c 94 47 00 	jmp	0x8e	; 0x8e <__bad_interrupt>
       c:	0c 94 47 00 	jmp	0x8e	; 0x8e <__bad_interrupt>
      10:	0c 94 47 00 	jmp	0x8e	; 0x8e <__bad_interrupt>
      14:	0c 94 a8 0a 	jmp	0x1550	; 0x1550 <__vector_5>
      18:	0c 94 47 00 	jmp	0x8e	; 0x8e <__bad_interrupt>
      1c:	0c 94 47 00 	jmp	0x8e	; 0x8e <__bad_interrupt>
      20:	0c 94 47 00 	jmp	0x8e	; 0x8e <__bad_interrupt>
      24:	0c 94 47 00 	jmp	0x8e	; 0x8e <__bad_interrupt>
      28:	0c 94 47 00 	jmp	0x8e	; 0x8e <__bad_interrupt>
      2c:	0c 94 47 00 	jmp	0x8e	; 0x8e <__bad_interrupt>
      30:	0c 94 47 00 	jmp	0x8e	; 0x8e <__bad_interrupt>
      34:	0c 94 47 00 	jmp	0x8e	; 0x8e <__bad_interrupt>
      38:	0c 94 47 00 	jmp	0x8e	; 0x8e <__bad_interrupt>
      3c:	0c 94 47 00 	jmp	0x8e	; 0x8e <__bad_interrupt>
      40:	0c 94 47 00 	jmp	0x8e	; 0x8e <__bad_interrupt>
      44:	0c 94 47 00 	jmp	0x8e	; 0x8e <__bad_interrupt>
      48:	0c 94 47 00 	jmp	0x8e	; 0x8e <__bad_interrupt>
      4c:	0c 94 47 00 	jmp	0x8e	; 0x8e <__bad_interrupt>
      50:	0c 94 47 00 	jmp	0x8e	; 0x8e <__bad_interrupt>

00000054 <__ctors_end>:
      54:	11 24       	eor	r1, r1
      56:	1f be       	out	0x3f, r1	; 63
      58:	cf e5       	ldi	r28, 0x5F	; 95
      5a:	d4 e0       	ldi	r29, 0x04	; 4
      5c:	de bf       	out	0x3e, r29	; 62
      5e:	cd bf       	out	0x3d, r28	; 61

00000060 <__do_copy_data>:
      60:	11 e0       	ldi	r17, 0x01	; 1
      62:	a0 e6       	ldi	r26, 0x60	; 96
      64:	b0 e0       	ldi	r27, 0x00	; 0
      66:	e0 e3       	ldi	r30, 0x30	; 48
      68:	f5 e2       	ldi	r31, 0x25	; 37
      6a:	02 c0       	rjmp	.+4      	; 0x70 <.do_copy_data_start>

0000006c <.do_copy_data_loop>:
      6c:	05 90       	lpm	r0, Z+
      6e:	0d 92       	st	X+, r0

00000070 <.do_copy_data_start>:
      70:	a6 37       	cpi	r26, 0x76	; 118
      72:	b1 07       	cpc	r27, r17
      74:	d9 f7       	brne	.-10     	; 0x6c <.do_copy_data_loop>

00000076 <__do_clear_bss>:
      76:	11 e0       	ldi	r17, 0x01	; 1
      78:	a6 e7       	ldi	r26, 0x76	; 118
      7a:	b1 e0       	ldi	r27, 0x01	; 1
      7c:	01 c0       	rjmp	.+2      	; 0x80 <.do_clear_bss_start>

0000007e <.do_clear_bss_loop>:
      7e:	1d 92       	st	X+, r1

00000080 <.do_clear_bss_start>:
      80:	ad 37       	cpi	r26, 0x7D	; 125
      82:	b1 07       	cpc	r27, r17
      84:	e1 f7       	brne	.-8      	; 0x7e <.do_clear_bss_loop>
      86:	0e 94 17 07 	call	0xe2e	; 0xe2e <main>
      8a:	0c 94 96 12 	jmp	0x252c	; 0x252c <_exit>

0000008e <__bad_interrupt>:
      8e:	0c 94 00 00 	jmp	0	; 0x0 <__vectors>

00000092 <__fixunssfsi>:
      92:	ef 92       	push	r14
      94:	ff 92       	push	r15
      96:	0f 93       	push	r16
      98:	1f 93       	push	r17
      9a:	7b 01       	movw	r14, r22
      9c:	8c 01       	movw	r16, r24
      9e:	20 e0       	ldi	r18, 0x00	; 0
      a0:	30 e0       	ldi	r19, 0x00	; 0
      a2:	40 e0       	ldi	r20, 0x00	; 0
      a4:	5f e4       	ldi	r21, 0x4F	; 79
      a6:	0e 94 f5 03 	call	0x7ea	; 0x7ea <__gesf2>
      aa:	88 23       	and	r24, r24
      ac:	8c f0       	brlt	.+34     	; 0xd0 <__fixunssfsi+0x3e>
      ae:	c8 01       	movw	r24, r16
      b0:	b7 01       	movw	r22, r14
      b2:	20 e0       	ldi	r18, 0x00	; 0
      b4:	30 e0       	ldi	r19, 0x00	; 0
      b6:	40 e0       	ldi	r20, 0x00	; 0
      b8:	5f e4       	ldi	r21, 0x4F	; 79
      ba:	0e 94 c1 01 	call	0x382	; 0x382 <__subsf3>
      be:	0e 94 55 04 	call	0x8aa	; 0x8aa <__fixsfsi>
      c2:	9b 01       	movw	r18, r22
      c4:	ac 01       	movw	r20, r24
      c6:	20 50       	subi	r18, 0x00	; 0
      c8:	30 40       	sbci	r19, 0x00	; 0
      ca:	40 40       	sbci	r20, 0x00	; 0
      cc:	50 48       	sbci	r21, 0x80	; 128
      ce:	06 c0       	rjmp	.+12     	; 0xdc <__fixunssfsi+0x4a>
      d0:	c8 01       	movw	r24, r16
      d2:	b7 01       	movw	r22, r14
      d4:	0e 94 55 04 	call	0x8aa	; 0x8aa <__fixsfsi>
      d8:	9b 01       	movw	r18, r22
      da:	ac 01       	movw	r20, r24
      dc:	b9 01       	movw	r22, r18
      de:	ca 01       	movw	r24, r20
      e0:	1f 91       	pop	r17
      e2:	0f 91       	pop	r16
      e4:	ff 90       	pop	r15
      e6:	ef 90       	pop	r14
      e8:	08 95       	ret

000000ea <_fpadd_parts>:
      ea:	a0 e0       	ldi	r26, 0x00	; 0
      ec:	b0 e0       	ldi	r27, 0x00	; 0
      ee:	eb e7       	ldi	r30, 0x7B	; 123
      f0:	f0 e0       	ldi	r31, 0x00	; 0
      f2:	0c 94 5f 12 	jmp	0x24be	; 0x24be <__prologue_saves__>
      f6:	dc 01       	movw	r26, r24
      f8:	2b 01       	movw	r4, r22
      fa:	fa 01       	movw	r30, r20
      fc:	9c 91       	ld	r25, X
      fe:	92 30       	cpi	r25, 0x02	; 2
     100:	08 f4       	brcc	.+2      	; 0x104 <_fpadd_parts+0x1a>
     102:	39 c1       	rjmp	.+626    	; 0x376 <_fpadd_parts+0x28c>
     104:	eb 01       	movw	r28, r22
     106:	88 81       	ld	r24, Y
     108:	82 30       	cpi	r24, 0x02	; 2
     10a:	08 f4       	brcc	.+2      	; 0x10e <_fpadd_parts+0x24>
     10c:	33 c1       	rjmp	.+614    	; 0x374 <_fpadd_parts+0x28a>
     10e:	94 30       	cpi	r25, 0x04	; 4
     110:	69 f4       	brne	.+26     	; 0x12c <_fpadd_parts+0x42>
     112:	84 30       	cpi	r24, 0x04	; 4
     114:	09 f0       	breq	.+2      	; 0x118 <_fpadd_parts+0x2e>
     116:	2f c1       	rjmp	.+606    	; 0x376 <_fpadd_parts+0x28c>
     118:	11 96       	adiw	r26, 0x01	; 1
     11a:	9c 91       	ld	r25, X
     11c:	11 97       	sbiw	r26, 0x01	; 1
     11e:	89 81       	ldd	r24, Y+1	; 0x01
     120:	98 17       	cp	r25, r24
     122:	09 f4       	brne	.+2      	; 0x126 <_fpadd_parts+0x3c>
     124:	28 c1       	rjmp	.+592    	; 0x376 <_fpadd_parts+0x28c>
     126:	ae e6       	ldi	r26, 0x6E	; 110
     128:	b0 e0       	ldi	r27, 0x00	; 0
     12a:	25 c1       	rjmp	.+586    	; 0x376 <_fpadd_parts+0x28c>
     12c:	84 30       	cpi	r24, 0x04	; 4
     12e:	09 f4       	brne	.+2      	; 0x132 <_fpadd_parts+0x48>
     130:	21 c1       	rjmp	.+578    	; 0x374 <_fpadd_parts+0x28a>
     132:	82 30       	cpi	r24, 0x02	; 2
     134:	a9 f4       	brne	.+42     	; 0x160 <_fpadd_parts+0x76>
     136:	92 30       	cpi	r25, 0x02	; 2
     138:	09 f0       	breq	.+2      	; 0x13c <_fpadd_parts+0x52>
     13a:	1d c1       	rjmp	.+570    	; 0x376 <_fpadd_parts+0x28c>
     13c:	9a 01       	movw	r18, r20
     13e:	ad 01       	movw	r20, r26
     140:	88 e0       	ldi	r24, 0x08	; 8
     142:	ea 01       	movw	r28, r20
     144:	09 90       	ld	r0, Y+
     146:	ae 01       	movw	r20, r28
     148:	e9 01       	movw	r28, r18
     14a:	09 92       	st	Y+, r0
     14c:	9e 01       	movw	r18, r28
     14e:	81 50       	subi	r24, 0x01	; 1
     150:	c1 f7       	brne	.-16     	; 0x142 <_fpadd_parts+0x58>
     152:	e2 01       	movw	r28, r4
     154:	89 81       	ldd	r24, Y+1	; 0x01
     156:	11 96       	adiw	r26, 0x01	; 1
     158:	9c 91       	ld	r25, X
     15a:	89 23       	and	r24, r25
     15c:	81 83       	std	Z+1, r24	; 0x01
     15e:	08 c1       	rjmp	.+528    	; 0x370 <_fpadd_parts+0x286>
     160:	92 30       	cpi	r25, 0x02	; 2
     162:	09 f4       	brne	.+2      	; 0x166 <_fpadd_parts+0x7c>
     164:	07 c1       	rjmp	.+526    	; 0x374 <_fpadd_parts+0x28a>
     166:	12 96       	adiw	r26, 0x02	; 2
     168:	2d 90       	ld	r2, X+
     16a:	3c 90       	ld	r3, X
     16c:	13 97       	sbiw	r26, 0x03	; 3
     16e:	eb 01       	movw	r28, r22
     170:	8a 81       	ldd	r24, Y+2	; 0x02
     172:	9b 81       	ldd	r25, Y+3	; 0x03
     174:	14 96       	adiw	r26, 0x04	; 4
     176:	ad 90       	ld	r10, X+
     178:	bd 90       	ld	r11, X+
     17a:	cd 90       	ld	r12, X+
     17c:	dc 90       	ld	r13, X
     17e:	17 97       	sbiw	r26, 0x07	; 7
     180:	ec 80       	ldd	r14, Y+4	; 0x04
     182:	fd 80       	ldd	r15, Y+5	; 0x05
     184:	0e 81       	ldd	r16, Y+6	; 0x06
     186:	1f 81       	ldd	r17, Y+7	; 0x07
     188:	91 01       	movw	r18, r2
     18a:	28 1b       	sub	r18, r24
     18c:	39 0b       	sbc	r19, r25
     18e:	b9 01       	movw	r22, r18
     190:	37 ff       	sbrs	r19, 7
     192:	04 c0       	rjmp	.+8      	; 0x19c <_fpadd_parts+0xb2>
     194:	66 27       	eor	r22, r22
     196:	77 27       	eor	r23, r23
     198:	62 1b       	sub	r22, r18
     19a:	73 0b       	sbc	r23, r19
     19c:	60 32       	cpi	r22, 0x20	; 32
     19e:	71 05       	cpc	r23, r1
     1a0:	0c f0       	brlt	.+2      	; 0x1a4 <_fpadd_parts+0xba>
     1a2:	61 c0       	rjmp	.+194    	; 0x266 <_fpadd_parts+0x17c>
     1a4:	12 16       	cp	r1, r18
     1a6:	13 06       	cpc	r1, r19
     1a8:	6c f5       	brge	.+90     	; 0x204 <_fpadd_parts+0x11a>
     1aa:	37 01       	movw	r6, r14
     1ac:	48 01       	movw	r8, r16
     1ae:	06 2e       	mov	r0, r22
     1b0:	04 c0       	rjmp	.+8      	; 0x1ba <_fpadd_parts+0xd0>
     1b2:	96 94       	lsr	r9
     1b4:	87 94       	ror	r8
     1b6:	77 94       	ror	r7
     1b8:	67 94       	ror	r6
     1ba:	0a 94       	dec	r0
     1bc:	d2 f7       	brpl	.-12     	; 0x1b2 <_fpadd_parts+0xc8>
     1be:	21 e0       	ldi	r18, 0x01	; 1
     1c0:	30 e0       	ldi	r19, 0x00	; 0
     1c2:	40 e0       	ldi	r20, 0x00	; 0
     1c4:	50 e0       	ldi	r21, 0x00	; 0
     1c6:	04 c0       	rjmp	.+8      	; 0x1d0 <_fpadd_parts+0xe6>
     1c8:	22 0f       	add	r18, r18
     1ca:	33 1f       	adc	r19, r19
     1cc:	44 1f       	adc	r20, r20
     1ce:	55 1f       	adc	r21, r21
     1d0:	6a 95       	dec	r22
     1d2:	d2 f7       	brpl	.-12     	; 0x1c8 <_fpadd_parts+0xde>
     1d4:	21 50       	subi	r18, 0x01	; 1
     1d6:	30 40       	sbci	r19, 0x00	; 0
     1d8:	40 40       	sbci	r20, 0x00	; 0
     1da:	50 40       	sbci	r21, 0x00	; 0
     1dc:	2e 21       	and	r18, r14
     1de:	3f 21       	and	r19, r15
     1e0:	40 23       	and	r20, r16
     1e2:	51 23       	and	r21, r17
     1e4:	21 15       	cp	r18, r1
     1e6:	31 05       	cpc	r19, r1
     1e8:	41 05       	cpc	r20, r1
     1ea:	51 05       	cpc	r21, r1
     1ec:	21 f0       	breq	.+8      	; 0x1f6 <_fpadd_parts+0x10c>
     1ee:	21 e0       	ldi	r18, 0x01	; 1
     1f0:	30 e0       	ldi	r19, 0x00	; 0
     1f2:	40 e0       	ldi	r20, 0x00	; 0
     1f4:	50 e0       	ldi	r21, 0x00	; 0
     1f6:	79 01       	movw	r14, r18
     1f8:	8a 01       	movw	r16, r20
     1fa:	e6 28       	or	r14, r6
     1fc:	f7 28       	or	r15, r7
     1fe:	08 29       	or	r16, r8
     200:	19 29       	or	r17, r9
     202:	3c c0       	rjmp	.+120    	; 0x27c <_fpadd_parts+0x192>
     204:	23 2b       	or	r18, r19
     206:	d1 f1       	breq	.+116    	; 0x27c <_fpadd_parts+0x192>
     208:	26 0e       	add	r2, r22
     20a:	37 1e       	adc	r3, r23
     20c:	35 01       	movw	r6, r10
     20e:	46 01       	movw	r8, r12
     210:	06 2e       	mov	r0, r22
     212:	04 c0       	rjmp	.+8      	; 0x21c <_fpadd_parts+0x132>
     214:	96 94       	lsr	r9
     216:	87 94       	ror	r8
     218:	77 94       	ror	r7
     21a:	67 94       	ror	r6
     21c:	0a 94       	dec	r0
     21e:	d2 f7       	brpl	.-12     	; 0x214 <_fpadd_parts+0x12a>
     220:	21 e0       	ldi	r18, 0x01	; 1
     222:	30 e0       	ldi	r19, 0x00	; 0
     224:	40 e0       	ldi	r20, 0x00	; 0
     226:	50 e0       	ldi	r21, 0x00	; 0
     228:	04 c0       	rjmp	.+8      	; 0x232 <_fpadd_parts+0x148>
     22a:	22 0f       	add	r18, r18
     22c:	33 1f       	adc	r19, r19
     22e:	44 1f       	adc	r20, r20
     230:	55 1f       	adc	r21, r21
     232:	6a 95       	dec	r22
     234:	d2 f7       	brpl	.-12     	; 0x22a <_fpadd_parts+0x140>
     236:	21 50       	subi	r18, 0x01	; 1
     238:	30 40       	sbci	r19, 0x00	; 0
     23a:	40 40       	sbci	r20, 0x00	; 0
     23c:	50 40       	sbci	r21, 0x00	; 0
     23e:	2a 21       	and	r18, r10
     240:	3b 21       	and	r19, r11
     242:	4c 21       	and	r20, r12
     244:	5d 21       	and	r21, r13
     246:	21 15       	cp	r18, r1
     248:	31 05       	cpc	r19, r1
     24a:	41 05       	cpc	r20, r1
     24c:	51 05       	cpc	r21, r1
     24e:	21 f0       	breq	.+8      	; 0x258 <_fpadd_parts+0x16e>
     250:	21 e0       	ldi	r18, 0x01	; 1
     252:	30 e0       	ldi	r19, 0x00	; 0
     254:	40 e0       	ldi	r20, 0x00	; 0
     256:	50 e0       	ldi	r21, 0x00	; 0
     258:	59 01       	movw	r10, r18
     25a:	6a 01       	movw	r12, r20
     25c:	a6 28       	or	r10, r6
     25e:	b7 28       	or	r11, r7
     260:	c8 28       	or	r12, r8
     262:	d9 28       	or	r13, r9
     264:	0b c0       	rjmp	.+22     	; 0x27c <_fpadd_parts+0x192>
     266:	82 15       	cp	r24, r2
     268:	93 05       	cpc	r25, r3
     26a:	2c f0       	brlt	.+10     	; 0x276 <_fpadd_parts+0x18c>
     26c:	1c 01       	movw	r2, r24
     26e:	aa 24       	eor	r10, r10
     270:	bb 24       	eor	r11, r11
     272:	65 01       	movw	r12, r10
     274:	03 c0       	rjmp	.+6      	; 0x27c <_fpadd_parts+0x192>
     276:	ee 24       	eor	r14, r14
     278:	ff 24       	eor	r15, r15
     27a:	87 01       	movw	r16, r14
     27c:	11 96       	adiw	r26, 0x01	; 1
     27e:	9c 91       	ld	r25, X
     280:	d2 01       	movw	r26, r4
     282:	11 96       	adiw	r26, 0x01	; 1
     284:	8c 91       	ld	r24, X
     286:	98 17       	cp	r25, r24
     288:	09 f4       	brne	.+2      	; 0x28c <_fpadd_parts+0x1a2>
     28a:	45 c0       	rjmp	.+138    	; 0x316 <_fpadd_parts+0x22c>
     28c:	99 23       	and	r25, r25
     28e:	39 f0       	breq	.+14     	; 0x29e <_fpadd_parts+0x1b4>
     290:	a8 01       	movw	r20, r16
     292:	97 01       	movw	r18, r14
     294:	2a 19       	sub	r18, r10
     296:	3b 09       	sbc	r19, r11
     298:	4c 09       	sbc	r20, r12
     29a:	5d 09       	sbc	r21, r13
     29c:	06 c0       	rjmp	.+12     	; 0x2aa <_fpadd_parts+0x1c0>
     29e:	a6 01       	movw	r20, r12
     2a0:	95 01       	movw	r18, r10
     2a2:	2e 19       	sub	r18, r14
     2a4:	3f 09       	sbc	r19, r15
     2a6:	40 0b       	sbc	r20, r16
     2a8:	51 0b       	sbc	r21, r17
     2aa:	57 fd       	sbrc	r21, 7
     2ac:	08 c0       	rjmp	.+16     	; 0x2be <_fpadd_parts+0x1d4>
     2ae:	11 82       	std	Z+1, r1	; 0x01
     2b0:	33 82       	std	Z+3, r3	; 0x03
     2b2:	22 82       	std	Z+2, r2	; 0x02
     2b4:	24 83       	std	Z+4, r18	; 0x04
     2b6:	35 83       	std	Z+5, r19	; 0x05
     2b8:	46 83       	std	Z+6, r20	; 0x06
     2ba:	57 83       	std	Z+7, r21	; 0x07
     2bc:	1d c0       	rjmp	.+58     	; 0x2f8 <_fpadd_parts+0x20e>
     2be:	81 e0       	ldi	r24, 0x01	; 1
     2c0:	81 83       	std	Z+1, r24	; 0x01
     2c2:	33 82       	std	Z+3, r3	; 0x03
     2c4:	22 82       	std	Z+2, r2	; 0x02
     2c6:	88 27       	eor	r24, r24
     2c8:	99 27       	eor	r25, r25
     2ca:	dc 01       	movw	r26, r24
     2cc:	82 1b       	sub	r24, r18
     2ce:	93 0b       	sbc	r25, r19
     2d0:	a4 0b       	sbc	r26, r20
     2d2:	b5 0b       	sbc	r27, r21
     2d4:	84 83       	std	Z+4, r24	; 0x04
     2d6:	95 83       	std	Z+5, r25	; 0x05
     2d8:	a6 83       	std	Z+6, r26	; 0x06
     2da:	b7 83       	std	Z+7, r27	; 0x07
     2dc:	0d c0       	rjmp	.+26     	; 0x2f8 <_fpadd_parts+0x20e>
     2de:	22 0f       	add	r18, r18
     2e0:	33 1f       	adc	r19, r19
     2e2:	44 1f       	adc	r20, r20
     2e4:	55 1f       	adc	r21, r21
     2e6:	24 83       	std	Z+4, r18	; 0x04
     2e8:	35 83       	std	Z+5, r19	; 0x05
     2ea:	46 83       	std	Z+6, r20	; 0x06
     2ec:	57 83       	std	Z+7, r21	; 0x07
     2ee:	82 81       	ldd	r24, Z+2	; 0x02
     2f0:	93 81       	ldd	r25, Z+3	; 0x03
     2f2:	01 97       	sbiw	r24, 0x01	; 1
     2f4:	93 83       	std	Z+3, r25	; 0x03
     2f6:	82 83       	std	Z+2, r24	; 0x02
     2f8:	24 81       	ldd	r18, Z+4	; 0x04
     2fa:	35 81       	ldd	r19, Z+5	; 0x05
     2fc:	46 81       	ldd	r20, Z+6	; 0x06
     2fe:	57 81       	ldd	r21, Z+7	; 0x07
     300:	da 01       	movw	r26, r20
     302:	c9 01       	movw	r24, r18
     304:	01 97       	sbiw	r24, 0x01	; 1
     306:	a1 09       	sbc	r26, r1
     308:	b1 09       	sbc	r27, r1
     30a:	8f 5f       	subi	r24, 0xFF	; 255
     30c:	9f 4f       	sbci	r25, 0xFF	; 255
     30e:	af 4f       	sbci	r26, 0xFF	; 255
     310:	bf 43       	sbci	r27, 0x3F	; 63
     312:	28 f3       	brcs	.-54     	; 0x2de <_fpadd_parts+0x1f4>
     314:	0b c0       	rjmp	.+22     	; 0x32c <_fpadd_parts+0x242>
     316:	91 83       	std	Z+1, r25	; 0x01
     318:	33 82       	std	Z+3, r3	; 0x03
     31a:	22 82       	std	Z+2, r2	; 0x02
     31c:	ea 0c       	add	r14, r10
     31e:	fb 1c       	adc	r15, r11
     320:	0c 1d       	adc	r16, r12
     322:	1d 1d       	adc	r17, r13
     324:	e4 82       	std	Z+4, r14	; 0x04
     326:	f5 82       	std	Z+5, r15	; 0x05
     328:	06 83       	std	Z+6, r16	; 0x06
     32a:	17 83       	std	Z+7, r17	; 0x07
     32c:	83 e0       	ldi	r24, 0x03	; 3
     32e:	80 83       	st	Z, r24
     330:	24 81       	ldd	r18, Z+4	; 0x04
     332:	35 81       	ldd	r19, Z+5	; 0x05
     334:	46 81       	ldd	r20, Z+6	; 0x06
     336:	57 81       	ldd	r21, Z+7	; 0x07
     338:	57 ff       	sbrs	r21, 7
     33a:	1a c0       	rjmp	.+52     	; 0x370 <_fpadd_parts+0x286>
     33c:	c9 01       	movw	r24, r18
     33e:	aa 27       	eor	r26, r26
     340:	97 fd       	sbrc	r25, 7
     342:	a0 95       	com	r26
     344:	ba 2f       	mov	r27, r26
     346:	81 70       	andi	r24, 0x01	; 1
     348:	90 70       	andi	r25, 0x00	; 0
     34a:	a0 70       	andi	r26, 0x00	; 0
     34c:	b0 70       	andi	r27, 0x00	; 0
     34e:	56 95       	lsr	r21
     350:	47 95       	ror	r20
     352:	37 95       	ror	r19
     354:	27 95       	ror	r18
     356:	82 2b       	or	r24, r18
     358:	93 2b       	or	r25, r19
     35a:	a4 2b       	or	r26, r20
     35c:	b5 2b       	or	r27, r21
     35e:	84 83       	std	Z+4, r24	; 0x04
     360:	95 83       	std	Z+5, r25	; 0x05
     362:	a6 83       	std	Z+6, r26	; 0x06
     364:	b7 83       	std	Z+7, r27	; 0x07
     366:	82 81       	ldd	r24, Z+2	; 0x02
     368:	93 81       	ldd	r25, Z+3	; 0x03
     36a:	01 96       	adiw	r24, 0x01	; 1
     36c:	93 83       	std	Z+3, r25	; 0x03
     36e:	82 83       	std	Z+2, r24	; 0x02
     370:	df 01       	movw	r26, r30
     372:	01 c0       	rjmp	.+2      	; 0x376 <_fpadd_parts+0x28c>
     374:	d2 01       	movw	r26, r4
     376:	cd 01       	movw	r24, r26
     378:	cd b7       	in	r28, 0x3d	; 61
     37a:	de b7       	in	r29, 0x3e	; 62
     37c:	e2 e1       	ldi	r30, 0x12	; 18
     37e:	0c 94 7b 12 	jmp	0x24f6	; 0x24f6 <__epilogue_restores__>

00000382 <__subsf3>:
     382:	a0 e2       	ldi	r26, 0x20	; 32
     384:	b0 e0       	ldi	r27, 0x00	; 0
     386:	e7 ec       	ldi	r30, 0xC7	; 199
     388:	f1 e0       	ldi	r31, 0x01	; 1
     38a:	0c 94 6b 12 	jmp	0x24d6	; 0x24d6 <__prologue_saves__+0x18>
     38e:	69 83       	std	Y+1, r22	; 0x01
     390:	7a 83       	std	Y+2, r23	; 0x02
     392:	8b 83       	std	Y+3, r24	; 0x03
     394:	9c 83       	std	Y+4, r25	; 0x04
     396:	2d 83       	std	Y+5, r18	; 0x05
     398:	3e 83       	std	Y+6, r19	; 0x06
     39a:	4f 83       	std	Y+7, r20	; 0x07
     39c:	58 87       	std	Y+8, r21	; 0x08
     39e:	e9 e0       	ldi	r30, 0x09	; 9
     3a0:	ee 2e       	mov	r14, r30
     3a2:	f1 2c       	mov	r15, r1
     3a4:	ec 0e       	add	r14, r28
     3a6:	fd 1e       	adc	r15, r29
     3a8:	ce 01       	movw	r24, r28
     3aa:	01 96       	adiw	r24, 0x01	; 1
     3ac:	b7 01       	movw	r22, r14
     3ae:	0e 94 46 06 	call	0xc8c	; 0xc8c <__unpack_f>
     3b2:	8e 01       	movw	r16, r28
     3b4:	0f 5e       	subi	r16, 0xEF	; 239
     3b6:	1f 4f       	sbci	r17, 0xFF	; 255
     3b8:	ce 01       	movw	r24, r28
     3ba:	05 96       	adiw	r24, 0x05	; 5
     3bc:	b8 01       	movw	r22, r16
     3be:	0e 94 46 06 	call	0xc8c	; 0xc8c <__unpack_f>
     3c2:	8a 89       	ldd	r24, Y+18	; 0x12
     3c4:	91 e0       	ldi	r25, 0x01	; 1
     3c6:	89 27       	eor	r24, r25
     3c8:	8a 8b       	std	Y+18, r24	; 0x12
     3ca:	c7 01       	movw	r24, r14
     3cc:	b8 01       	movw	r22, r16
     3ce:	ae 01       	movw	r20, r28
     3d0:	47 5e       	subi	r20, 0xE7	; 231
     3d2:	5f 4f       	sbci	r21, 0xFF	; 255
     3d4:	0e 94 75 00 	call	0xea	; 0xea <_fpadd_parts>
     3d8:	0e 94 71 05 	call	0xae2	; 0xae2 <__pack_f>
     3dc:	a0 96       	adiw	r28, 0x20	; 32
     3de:	e6 e0       	ldi	r30, 0x06	; 6
     3e0:	0c 94 87 12 	jmp	0x250e	; 0x250e <__epilogue_restores__+0x18>

000003e4 <__addsf3>:
     3e4:	a0 e2       	ldi	r26, 0x20	; 32
     3e6:	b0 e0       	ldi	r27, 0x00	; 0
     3e8:	e8 ef       	ldi	r30, 0xF8	; 248
     3ea:	f1 e0       	ldi	r31, 0x01	; 1
     3ec:	0c 94 6b 12 	jmp	0x24d6	; 0x24d6 <__prologue_saves__+0x18>
     3f0:	69 83       	std	Y+1, r22	; 0x01
     3f2:	7a 83       	std	Y+2, r23	; 0x02
     3f4:	8b 83       	std	Y+3, r24	; 0x03
     3f6:	9c 83       	std	Y+4, r25	; 0x04
     3f8:	2d 83       	std	Y+5, r18	; 0x05
     3fa:	3e 83       	std	Y+6, r19	; 0x06
     3fc:	4f 83       	std	Y+7, r20	; 0x07
     3fe:	58 87       	std	Y+8, r21	; 0x08
     400:	f9 e0       	ldi	r31, 0x09	; 9
     402:	ef 2e       	mov	r14, r31
     404:	f1 2c       	mov	r15, r1
     406:	ec 0e       	add	r14, r28
     408:	fd 1e       	adc	r15, r29
     40a:	ce 01       	movw	r24, r28
     40c:	01 96       	adiw	r24, 0x01	; 1
     40e:	b7 01       	movw	r22, r14
     410:	0e 94 46 06 	call	0xc8c	; 0xc8c <__unpack_f>
     414:	8e 01       	movw	r16, r28
     416:	0f 5e       	subi	r16, 0xEF	; 239
     418:	1f 4f       	sbci	r17, 0xFF	; 255
     41a:	ce 01       	movw	r24, r28
     41c:	05 96       	adiw	r24, 0x05	; 5
     41e:	b8 01       	movw	r22, r16
     420:	0e 94 46 06 	call	0xc8c	; 0xc8c <__unpack_f>
     424:	c7 01       	movw	r24, r14
     426:	b8 01       	movw	r22, r16
     428:	ae 01       	movw	r20, r28
     42a:	47 5e       	subi	r20, 0xE7	; 231
     42c:	5f 4f       	sbci	r21, 0xFF	; 255
     42e:	0e 94 75 00 	call	0xea	; 0xea <_fpadd_parts>
     432:	0e 94 71 05 	call	0xae2	; 0xae2 <__pack_f>
     436:	a0 96       	adiw	r28, 0x20	; 32
     438:	e6 e0       	ldi	r30, 0x06	; 6
     43a:	0c 94 87 12 	jmp	0x250e	; 0x250e <__epilogue_restores__+0x18>

0000043e <__mulsf3>:
     43e:	a0 e2       	ldi	r26, 0x20	; 32
     440:	b0 e0       	ldi	r27, 0x00	; 0
     442:	e5 e2       	ldi	r30, 0x25	; 37
     444:	f2 e0       	ldi	r31, 0x02	; 2
     446:	0c 94 5f 12 	jmp	0x24be	; 0x24be <__prologue_saves__>
     44a:	69 83       	std	Y+1, r22	; 0x01
     44c:	7a 83       	std	Y+2, r23	; 0x02
     44e:	8b 83       	std	Y+3, r24	; 0x03
     450:	9c 83       	std	Y+4, r25	; 0x04
     452:	2d 83       	std	Y+5, r18	; 0x05
     454:	3e 83       	std	Y+6, r19	; 0x06
     456:	4f 83       	std	Y+7, r20	; 0x07
     458:	58 87       	std	Y+8, r21	; 0x08
     45a:	ce 01       	movw	r24, r28
     45c:	01 96       	adiw	r24, 0x01	; 1
     45e:	be 01       	movw	r22, r28
     460:	67 5f       	subi	r22, 0xF7	; 247
     462:	7f 4f       	sbci	r23, 0xFF	; 255
     464:	0e 94 46 06 	call	0xc8c	; 0xc8c <__unpack_f>
     468:	ce 01       	movw	r24, r28
     46a:	05 96       	adiw	r24, 0x05	; 5
     46c:	be 01       	movw	r22, r28
     46e:	6f 5e       	subi	r22, 0xEF	; 239
     470:	7f 4f       	sbci	r23, 0xFF	; 255
     472:	0e 94 46 06 	call	0xc8c	; 0xc8c <__unpack_f>
     476:	99 85       	ldd	r25, Y+9	; 0x09
     478:	92 30       	cpi	r25, 0x02	; 2
     47a:	88 f0       	brcs	.+34     	; 0x49e <__stack+0x3f>
     47c:	89 89       	ldd	r24, Y+17	; 0x11
     47e:	82 30       	cpi	r24, 0x02	; 2
     480:	c8 f0       	brcs	.+50     	; 0x4b4 <__stack+0x55>
     482:	94 30       	cpi	r25, 0x04	; 4
     484:	19 f4       	brne	.+6      	; 0x48c <__stack+0x2d>
     486:	82 30       	cpi	r24, 0x02	; 2
     488:	51 f4       	brne	.+20     	; 0x49e <__stack+0x3f>
     48a:	04 c0       	rjmp	.+8      	; 0x494 <__stack+0x35>
     48c:	84 30       	cpi	r24, 0x04	; 4
     48e:	29 f4       	brne	.+10     	; 0x49a <__stack+0x3b>
     490:	92 30       	cpi	r25, 0x02	; 2
     492:	81 f4       	brne	.+32     	; 0x4b4 <__stack+0x55>
     494:	8e e6       	ldi	r24, 0x6E	; 110
     496:	90 e0       	ldi	r25, 0x00	; 0
     498:	c6 c0       	rjmp	.+396    	; 0x626 <__stack+0x1c7>
     49a:	92 30       	cpi	r25, 0x02	; 2
     49c:	49 f4       	brne	.+18     	; 0x4b0 <__stack+0x51>
     49e:	20 e0       	ldi	r18, 0x00	; 0
     4a0:	9a 85       	ldd	r25, Y+10	; 0x0a
     4a2:	8a 89       	ldd	r24, Y+18	; 0x12
     4a4:	98 13       	cpse	r25, r24
     4a6:	21 e0       	ldi	r18, 0x01	; 1
     4a8:	2a 87       	std	Y+10, r18	; 0x0a
     4aa:	ce 01       	movw	r24, r28
     4ac:	09 96       	adiw	r24, 0x09	; 9
     4ae:	bb c0       	rjmp	.+374    	; 0x626 <__stack+0x1c7>
     4b0:	82 30       	cpi	r24, 0x02	; 2
     4b2:	49 f4       	brne	.+18     	; 0x4c6 <__stack+0x67>
     4b4:	20 e0       	ldi	r18, 0x00	; 0
     4b6:	9a 85       	ldd	r25, Y+10	; 0x0a
     4b8:	8a 89       	ldd	r24, Y+18	; 0x12
     4ba:	98 13       	cpse	r25, r24
     4bc:	21 e0       	ldi	r18, 0x01	; 1
     4be:	2a 8b       	std	Y+18, r18	; 0x12
     4c0:	ce 01       	movw	r24, r28
     4c2:	41 96       	adiw	r24, 0x11	; 17
     4c4:	b0 c0       	rjmp	.+352    	; 0x626 <__stack+0x1c7>
     4c6:	2d 84       	ldd	r2, Y+13	; 0x0d
     4c8:	3e 84       	ldd	r3, Y+14	; 0x0e
     4ca:	4f 84       	ldd	r4, Y+15	; 0x0f
     4cc:	58 88       	ldd	r5, Y+16	; 0x10
     4ce:	6d 88       	ldd	r6, Y+21	; 0x15
     4d0:	7e 88       	ldd	r7, Y+22	; 0x16
     4d2:	8f 88       	ldd	r8, Y+23	; 0x17
     4d4:	98 8c       	ldd	r9, Y+24	; 0x18
     4d6:	ee 24       	eor	r14, r14
     4d8:	ff 24       	eor	r15, r15
     4da:	87 01       	movw	r16, r14
     4dc:	aa 24       	eor	r10, r10
     4de:	bb 24       	eor	r11, r11
     4e0:	65 01       	movw	r12, r10
     4e2:	40 e0       	ldi	r20, 0x00	; 0
     4e4:	50 e0       	ldi	r21, 0x00	; 0
     4e6:	60 e0       	ldi	r22, 0x00	; 0
     4e8:	70 e0       	ldi	r23, 0x00	; 0
     4ea:	e0 e0       	ldi	r30, 0x00	; 0
     4ec:	f0 e0       	ldi	r31, 0x00	; 0
     4ee:	c1 01       	movw	r24, r2
     4f0:	81 70       	andi	r24, 0x01	; 1
     4f2:	90 70       	andi	r25, 0x00	; 0
     4f4:	89 2b       	or	r24, r25
     4f6:	e9 f0       	breq	.+58     	; 0x532 <__stack+0xd3>
     4f8:	e6 0c       	add	r14, r6
     4fa:	f7 1c       	adc	r15, r7
     4fc:	08 1d       	adc	r16, r8
     4fe:	19 1d       	adc	r17, r9
     500:	9a 01       	movw	r18, r20
     502:	ab 01       	movw	r20, r22
     504:	2a 0d       	add	r18, r10
     506:	3b 1d       	adc	r19, r11
     508:	4c 1d       	adc	r20, r12
     50a:	5d 1d       	adc	r21, r13
     50c:	80 e0       	ldi	r24, 0x00	; 0
     50e:	90 e0       	ldi	r25, 0x00	; 0
     510:	a0 e0       	ldi	r26, 0x00	; 0
     512:	b0 e0       	ldi	r27, 0x00	; 0
     514:	e6 14       	cp	r14, r6
     516:	f7 04       	cpc	r15, r7
     518:	08 05       	cpc	r16, r8
     51a:	19 05       	cpc	r17, r9
     51c:	20 f4       	brcc	.+8      	; 0x526 <__stack+0xc7>
     51e:	81 e0       	ldi	r24, 0x01	; 1
     520:	90 e0       	ldi	r25, 0x00	; 0
     522:	a0 e0       	ldi	r26, 0x00	; 0
     524:	b0 e0       	ldi	r27, 0x00	; 0
     526:	ba 01       	movw	r22, r20
     528:	a9 01       	movw	r20, r18
     52a:	48 0f       	add	r20, r24
     52c:	59 1f       	adc	r21, r25
     52e:	6a 1f       	adc	r22, r26
     530:	7b 1f       	adc	r23, r27
     532:	aa 0c       	add	r10, r10
     534:	bb 1c       	adc	r11, r11
     536:	cc 1c       	adc	r12, r12
     538:	dd 1c       	adc	r13, r13
     53a:	97 fe       	sbrs	r9, 7
     53c:	08 c0       	rjmp	.+16     	; 0x54e <__stack+0xef>
     53e:	81 e0       	ldi	r24, 0x01	; 1
     540:	90 e0       	ldi	r25, 0x00	; 0
     542:	a0 e0       	ldi	r26, 0x00	; 0
     544:	b0 e0       	ldi	r27, 0x00	; 0
     546:	a8 2a       	or	r10, r24
     548:	b9 2a       	or	r11, r25
     54a:	ca 2a       	or	r12, r26
     54c:	db 2a       	or	r13, r27
     54e:	31 96       	adiw	r30, 0x01	; 1
     550:	e0 32       	cpi	r30, 0x20	; 32
     552:	f1 05       	cpc	r31, r1
     554:	49 f0       	breq	.+18     	; 0x568 <__stack+0x109>
     556:	66 0c       	add	r6, r6
     558:	77 1c       	adc	r7, r7
     55a:	88 1c       	adc	r8, r8
     55c:	99 1c       	adc	r9, r9
     55e:	56 94       	lsr	r5
     560:	47 94       	ror	r4
     562:	37 94       	ror	r3
     564:	27 94       	ror	r2
     566:	c3 cf       	rjmp	.-122    	; 0x4ee <__stack+0x8f>
     568:	fa 85       	ldd	r31, Y+10	; 0x0a
     56a:	ea 89       	ldd	r30, Y+18	; 0x12
     56c:	2b 89       	ldd	r18, Y+19	; 0x13
     56e:	3c 89       	ldd	r19, Y+20	; 0x14
     570:	8b 85       	ldd	r24, Y+11	; 0x0b
     572:	9c 85       	ldd	r25, Y+12	; 0x0c
     574:	28 0f       	add	r18, r24
     576:	39 1f       	adc	r19, r25
     578:	2e 5f       	subi	r18, 0xFE	; 254
     57a:	3f 4f       	sbci	r19, 0xFF	; 255
     57c:	17 c0       	rjmp	.+46     	; 0x5ac <__stack+0x14d>
     57e:	ca 01       	movw	r24, r20
     580:	81 70       	andi	r24, 0x01	; 1
     582:	90 70       	andi	r25, 0x00	; 0
     584:	89 2b       	or	r24, r25
     586:	61 f0       	breq	.+24     	; 0x5a0 <__stack+0x141>
     588:	16 95       	lsr	r17
     58a:	07 95       	ror	r16
     58c:	f7 94       	ror	r15
     58e:	e7 94       	ror	r14
     590:	80 e0       	ldi	r24, 0x00	; 0
     592:	90 e0       	ldi	r25, 0x00	; 0
     594:	a0 e0       	ldi	r26, 0x00	; 0
     596:	b0 e8       	ldi	r27, 0x80	; 128
     598:	e8 2a       	or	r14, r24
     59a:	f9 2a       	or	r15, r25
     59c:	0a 2b       	or	r16, r26
     59e:	1b 2b       	or	r17, r27
     5a0:	76 95       	lsr	r23
     5a2:	67 95       	ror	r22
     5a4:	57 95       	ror	r21
     5a6:	47 95       	ror	r20
     5a8:	2f 5f       	subi	r18, 0xFF	; 255
     5aa:	3f 4f       	sbci	r19, 0xFF	; 255
     5ac:	77 fd       	sbrc	r23, 7
     5ae:	e7 cf       	rjmp	.-50     	; 0x57e <__stack+0x11f>
     5b0:	0c c0       	rjmp	.+24     	; 0x5ca <__stack+0x16b>
     5b2:	44 0f       	add	r20, r20
     5b4:	55 1f       	adc	r21, r21
     5b6:	66 1f       	adc	r22, r22
     5b8:	77 1f       	adc	r23, r23
     5ba:	17 fd       	sbrc	r17, 7
     5bc:	41 60       	ori	r20, 0x01	; 1
     5be:	ee 0c       	add	r14, r14
     5c0:	ff 1c       	adc	r15, r15
     5c2:	00 1f       	adc	r16, r16
     5c4:	11 1f       	adc	r17, r17
     5c6:	21 50       	subi	r18, 0x01	; 1
     5c8:	30 40       	sbci	r19, 0x00	; 0
     5ca:	40 30       	cpi	r20, 0x00	; 0
     5cc:	90 e0       	ldi	r25, 0x00	; 0
     5ce:	59 07       	cpc	r21, r25
     5d0:	90 e0       	ldi	r25, 0x00	; 0
     5d2:	69 07       	cpc	r22, r25
     5d4:	90 e4       	ldi	r25, 0x40	; 64
     5d6:	79 07       	cpc	r23, r25
     5d8:	60 f3       	brcs	.-40     	; 0x5b2 <__stack+0x153>
     5da:	2b 8f       	std	Y+27, r18	; 0x1b
     5dc:	3c 8f       	std	Y+28, r19	; 0x1c
     5de:	db 01       	movw	r26, r22
     5e0:	ca 01       	movw	r24, r20
     5e2:	8f 77       	andi	r24, 0x7F	; 127
     5e4:	90 70       	andi	r25, 0x00	; 0
     5e6:	a0 70       	andi	r26, 0x00	; 0
     5e8:	b0 70       	andi	r27, 0x00	; 0
     5ea:	80 34       	cpi	r24, 0x40	; 64
     5ec:	91 05       	cpc	r25, r1
     5ee:	a1 05       	cpc	r26, r1
     5f0:	b1 05       	cpc	r27, r1
     5f2:	61 f4       	brne	.+24     	; 0x60c <__stack+0x1ad>
     5f4:	47 fd       	sbrc	r20, 7
     5f6:	0a c0       	rjmp	.+20     	; 0x60c <__stack+0x1ad>
     5f8:	e1 14       	cp	r14, r1
     5fa:	f1 04       	cpc	r15, r1
     5fc:	01 05       	cpc	r16, r1
     5fe:	11 05       	cpc	r17, r1
     600:	29 f0       	breq	.+10     	; 0x60c <__stack+0x1ad>
     602:	40 5c       	subi	r20, 0xC0	; 192
     604:	5f 4f       	sbci	r21, 0xFF	; 255
     606:	6f 4f       	sbci	r22, 0xFF	; 255
     608:	7f 4f       	sbci	r23, 0xFF	; 255
     60a:	40 78       	andi	r20, 0x80	; 128
     60c:	1a 8e       	std	Y+26, r1	; 0x1a
     60e:	fe 17       	cp	r31, r30
     610:	11 f0       	breq	.+4      	; 0x616 <__stack+0x1b7>
     612:	81 e0       	ldi	r24, 0x01	; 1
     614:	8a 8f       	std	Y+26, r24	; 0x1a
     616:	4d 8f       	std	Y+29, r20	; 0x1d
     618:	5e 8f       	std	Y+30, r21	; 0x1e
     61a:	6f 8f       	std	Y+31, r22	; 0x1f
     61c:	78 a3       	std	Y+32, r23	; 0x20
     61e:	83 e0       	ldi	r24, 0x03	; 3
     620:	89 8f       	std	Y+25, r24	; 0x19
     622:	ce 01       	movw	r24, r28
     624:	49 96       	adiw	r24, 0x19	; 25
     626:	0e 94 71 05 	call	0xae2	; 0xae2 <__pack_f>
     62a:	a0 96       	adiw	r28, 0x20	; 32
     62c:	e2 e1       	ldi	r30, 0x12	; 18
     62e:	0c 94 7b 12 	jmp	0x24f6	; 0x24f6 <__epilogue_restores__>

00000632 <__divsf3>:
     632:	a8 e1       	ldi	r26, 0x18	; 24
     634:	b0 e0       	ldi	r27, 0x00	; 0
     636:	ef e1       	ldi	r30, 0x1F	; 31
     638:	f3 e0       	ldi	r31, 0x03	; 3
     63a:	0c 94 67 12 	jmp	0x24ce	; 0x24ce <__prologue_saves__+0x10>
     63e:	69 83       	std	Y+1, r22	; 0x01
     640:	7a 83       	std	Y+2, r23	; 0x02
     642:	8b 83       	std	Y+3, r24	; 0x03
     644:	9c 83       	std	Y+4, r25	; 0x04
     646:	2d 83       	std	Y+5, r18	; 0x05
     648:	3e 83       	std	Y+6, r19	; 0x06
     64a:	4f 83       	std	Y+7, r20	; 0x07
     64c:	58 87       	std	Y+8, r21	; 0x08
     64e:	b9 e0       	ldi	r27, 0x09	; 9
     650:	eb 2e       	mov	r14, r27
     652:	f1 2c       	mov	r15, r1
     654:	ec 0e       	add	r14, r28
     656:	fd 1e       	adc	r15, r29
     658:	ce 01       	movw	r24, r28
     65a:	01 96       	adiw	r24, 0x01	; 1
     65c:	b7 01       	movw	r22, r14
     65e:	0e 94 46 06 	call	0xc8c	; 0xc8c <__unpack_f>
     662:	8e 01       	movw	r16, r28
     664:	0f 5e       	subi	r16, 0xEF	; 239
     666:	1f 4f       	sbci	r17, 0xFF	; 255
     668:	ce 01       	movw	r24, r28
     66a:	05 96       	adiw	r24, 0x05	; 5
     66c:	b8 01       	movw	r22, r16
     66e:	0e 94 46 06 	call	0xc8c	; 0xc8c <__unpack_f>
     672:	29 85       	ldd	r18, Y+9	; 0x09
     674:	22 30       	cpi	r18, 0x02	; 2
     676:	08 f4       	brcc	.+2      	; 0x67a <__divsf3+0x48>
     678:	7e c0       	rjmp	.+252    	; 0x776 <__divsf3+0x144>
     67a:	39 89       	ldd	r19, Y+17	; 0x11
     67c:	32 30       	cpi	r19, 0x02	; 2
     67e:	10 f4       	brcc	.+4      	; 0x684 <__divsf3+0x52>
     680:	b8 01       	movw	r22, r16
     682:	7c c0       	rjmp	.+248    	; 0x77c <__divsf3+0x14a>
     684:	8a 85       	ldd	r24, Y+10	; 0x0a
     686:	9a 89       	ldd	r25, Y+18	; 0x12
     688:	89 27       	eor	r24, r25
     68a:	8a 87       	std	Y+10, r24	; 0x0a
     68c:	24 30       	cpi	r18, 0x04	; 4
     68e:	11 f0       	breq	.+4      	; 0x694 <__divsf3+0x62>
     690:	22 30       	cpi	r18, 0x02	; 2
     692:	31 f4       	brne	.+12     	; 0x6a0 <__divsf3+0x6e>
     694:	23 17       	cp	r18, r19
     696:	09 f0       	breq	.+2      	; 0x69a <__divsf3+0x68>
     698:	6e c0       	rjmp	.+220    	; 0x776 <__divsf3+0x144>
     69a:	6e e6       	ldi	r22, 0x6E	; 110
     69c:	70 e0       	ldi	r23, 0x00	; 0
     69e:	6e c0       	rjmp	.+220    	; 0x77c <__divsf3+0x14a>
     6a0:	34 30       	cpi	r19, 0x04	; 4
     6a2:	39 f4       	brne	.+14     	; 0x6b2 <__divsf3+0x80>
     6a4:	1d 86       	std	Y+13, r1	; 0x0d
     6a6:	1e 86       	std	Y+14, r1	; 0x0e
     6a8:	1f 86       	std	Y+15, r1	; 0x0f
     6aa:	18 8a       	std	Y+16, r1	; 0x10
     6ac:	1c 86       	std	Y+12, r1	; 0x0c
     6ae:	1b 86       	std	Y+11, r1	; 0x0b
     6b0:	04 c0       	rjmp	.+8      	; 0x6ba <__divsf3+0x88>
     6b2:	32 30       	cpi	r19, 0x02	; 2
     6b4:	21 f4       	brne	.+8      	; 0x6be <__divsf3+0x8c>
     6b6:	84 e0       	ldi	r24, 0x04	; 4
     6b8:	89 87       	std	Y+9, r24	; 0x09
     6ba:	b7 01       	movw	r22, r14
     6bc:	5f c0       	rjmp	.+190    	; 0x77c <__divsf3+0x14a>
     6be:	2b 85       	ldd	r18, Y+11	; 0x0b
     6c0:	3c 85       	ldd	r19, Y+12	; 0x0c
     6c2:	8b 89       	ldd	r24, Y+19	; 0x13
     6c4:	9c 89       	ldd	r25, Y+20	; 0x14
     6c6:	28 1b       	sub	r18, r24
     6c8:	39 0b       	sbc	r19, r25
     6ca:	3c 87       	std	Y+12, r19	; 0x0c
     6cc:	2b 87       	std	Y+11, r18	; 0x0b
     6ce:	ed 84       	ldd	r14, Y+13	; 0x0d
     6d0:	fe 84       	ldd	r15, Y+14	; 0x0e
     6d2:	0f 85       	ldd	r16, Y+15	; 0x0f
     6d4:	18 89       	ldd	r17, Y+16	; 0x10
     6d6:	ad 88       	ldd	r10, Y+21	; 0x15
     6d8:	be 88       	ldd	r11, Y+22	; 0x16
     6da:	cf 88       	ldd	r12, Y+23	; 0x17
     6dc:	d8 8c       	ldd	r13, Y+24	; 0x18
     6de:	ea 14       	cp	r14, r10
     6e0:	fb 04       	cpc	r15, r11
     6e2:	0c 05       	cpc	r16, r12
     6e4:	1d 05       	cpc	r17, r13
     6e6:	40 f4       	brcc	.+16     	; 0x6f8 <__divsf3+0xc6>
     6e8:	ee 0c       	add	r14, r14
     6ea:	ff 1c       	adc	r15, r15
     6ec:	00 1f       	adc	r16, r16
     6ee:	11 1f       	adc	r17, r17
     6f0:	21 50       	subi	r18, 0x01	; 1
     6f2:	30 40       	sbci	r19, 0x00	; 0
     6f4:	3c 87       	std	Y+12, r19	; 0x0c
     6f6:	2b 87       	std	Y+11, r18	; 0x0b
     6f8:	20 e0       	ldi	r18, 0x00	; 0
     6fa:	30 e0       	ldi	r19, 0x00	; 0
     6fc:	40 e0       	ldi	r20, 0x00	; 0
     6fe:	50 e0       	ldi	r21, 0x00	; 0
     700:	80 e0       	ldi	r24, 0x00	; 0
     702:	90 e0       	ldi	r25, 0x00	; 0
     704:	a0 e0       	ldi	r26, 0x00	; 0
     706:	b0 e4       	ldi	r27, 0x40	; 64
     708:	60 e0       	ldi	r22, 0x00	; 0
     70a:	70 e0       	ldi	r23, 0x00	; 0
     70c:	ea 14       	cp	r14, r10
     70e:	fb 04       	cpc	r15, r11
     710:	0c 05       	cpc	r16, r12
     712:	1d 05       	cpc	r17, r13
     714:	40 f0       	brcs	.+16     	; 0x726 <__divsf3+0xf4>
     716:	28 2b       	or	r18, r24
     718:	39 2b       	or	r19, r25
     71a:	4a 2b       	or	r20, r26
     71c:	5b 2b       	or	r21, r27
     71e:	ea 18       	sub	r14, r10
     720:	fb 08       	sbc	r15, r11
     722:	0c 09       	sbc	r16, r12
     724:	1d 09       	sbc	r17, r13
     726:	b6 95       	lsr	r27
     728:	a7 95       	ror	r26
     72a:	97 95       	ror	r25
     72c:	87 95       	ror	r24
     72e:	ee 0c       	add	r14, r14
     730:	ff 1c       	adc	r15, r15
     732:	00 1f       	adc	r16, r16
     734:	11 1f       	adc	r17, r17
     736:	6f 5f       	subi	r22, 0xFF	; 255
     738:	7f 4f       	sbci	r23, 0xFF	; 255
     73a:	6f 31       	cpi	r22, 0x1F	; 31
     73c:	71 05       	cpc	r23, r1
     73e:	31 f7       	brne	.-52     	; 0x70c <__divsf3+0xda>
     740:	da 01       	movw	r26, r20
     742:	c9 01       	movw	r24, r18
     744:	8f 77       	andi	r24, 0x7F	; 127
     746:	90 70       	andi	r25, 0x00	; 0
     748:	a0 70       	andi	r26, 0x00	; 0
     74a:	b0 70       	andi	r27, 0x00	; 0
     74c:	80 34       	cpi	r24, 0x40	; 64
     74e:	91 05       	cpc	r25, r1
     750:	a1 05       	cpc	r26, r1
     752:	b1 05       	cpc	r27, r1
     754:	61 f4       	brne	.+24     	; 0x76e <__divsf3+0x13c>
     756:	27 fd       	sbrc	r18, 7
     758:	0a c0       	rjmp	.+20     	; 0x76e <__divsf3+0x13c>
     75a:	e1 14       	cp	r14, r1
     75c:	f1 04       	cpc	r15, r1
     75e:	01 05       	cpc	r16, r1
     760:	11 05       	cpc	r17, r1
     762:	29 f0       	breq	.+10     	; 0x76e <__divsf3+0x13c>
     764:	20 5c       	subi	r18, 0xC0	; 192
     766:	3f 4f       	sbci	r19, 0xFF	; 255
     768:	4f 4f       	sbci	r20, 0xFF	; 255
     76a:	5f 4f       	sbci	r21, 0xFF	; 255
     76c:	20 78       	andi	r18, 0x80	; 128
     76e:	2d 87       	std	Y+13, r18	; 0x0d
     770:	3e 87       	std	Y+14, r19	; 0x0e
     772:	4f 87       	std	Y+15, r20	; 0x0f
     774:	58 8b       	std	Y+16, r21	; 0x10
     776:	be 01       	movw	r22, r28
     778:	67 5f       	subi	r22, 0xF7	; 247
     77a:	7f 4f       	sbci	r23, 0xFF	; 255
     77c:	cb 01       	movw	r24, r22
     77e:	0e 94 71 05 	call	0xae2	; 0xae2 <__pack_f>
     782:	68 96       	adiw	r28, 0x18	; 24
     784:	ea e0       	ldi	r30, 0x0A	; 10
     786:	0c 94 83 12 	jmp	0x2506	; 0x2506 <__epilogue_restores__+0x10>

0000078a <__gtsf2>:
     78a:	a8 e1       	ldi	r26, 0x18	; 24
     78c:	b0 e0       	ldi	r27, 0x00	; 0
     78e:	eb ec       	ldi	r30, 0xCB	; 203
     790:	f3 e0       	ldi	r31, 0x03	; 3
     792:	0c 94 6b 12 	jmp	0x24d6	; 0x24d6 <__prologue_saves__+0x18>
     796:	69 83       	std	Y+1, r22	; 0x01
     798:	7a 83       	std	Y+2, r23	; 0x02
     79a:	8b 83       	std	Y+3, r24	; 0x03
     79c:	9c 83       	std	Y+4, r25	; 0x04
     79e:	2d 83       	std	Y+5, r18	; 0x05
     7a0:	3e 83       	std	Y+6, r19	; 0x06
     7a2:	4f 83       	std	Y+7, r20	; 0x07
     7a4:	58 87       	std	Y+8, r21	; 0x08
     7a6:	89 e0       	ldi	r24, 0x09	; 9
     7a8:	e8 2e       	mov	r14, r24
     7aa:	f1 2c       	mov	r15, r1
     7ac:	ec 0e       	add	r14, r28
     7ae:	fd 1e       	adc	r15, r29
     7b0:	ce 01       	movw	r24, r28
     7b2:	01 96       	adiw	r24, 0x01	; 1
     7b4:	b7 01       	movw	r22, r14
     7b6:	0e 94 46 06 	call	0xc8c	; 0xc8c <__unpack_f>
     7ba:	8e 01       	movw	r16, r28
     7bc:	0f 5e       	subi	r16, 0xEF	; 239
     7be:	1f 4f       	sbci	r17, 0xFF	; 255
     7c0:	ce 01       	movw	r24, r28
     7c2:	05 96       	adiw	r24, 0x05	; 5
     7c4:	b8 01       	movw	r22, r16
     7c6:	0e 94 46 06 	call	0xc8c	; 0xc8c <__unpack_f>
     7ca:	89 85       	ldd	r24, Y+9	; 0x09
     7cc:	82 30       	cpi	r24, 0x02	; 2
     7ce:	40 f0       	brcs	.+16     	; 0x7e0 <__gtsf2+0x56>
     7d0:	89 89       	ldd	r24, Y+17	; 0x11
     7d2:	82 30       	cpi	r24, 0x02	; 2
     7d4:	28 f0       	brcs	.+10     	; 0x7e0 <__gtsf2+0x56>
     7d6:	c7 01       	movw	r24, r14
     7d8:	b8 01       	movw	r22, r16
     7da:	0e 94 be 06 	call	0xd7c	; 0xd7c <__fpcmp_parts_f>
     7de:	01 c0       	rjmp	.+2      	; 0x7e2 <__gtsf2+0x58>
     7e0:	8f ef       	ldi	r24, 0xFF	; 255
     7e2:	68 96       	adiw	r28, 0x18	; 24
     7e4:	e6 e0       	ldi	r30, 0x06	; 6
     7e6:	0c 94 87 12 	jmp	0x250e	; 0x250e <__epilogue_restores__+0x18>

000007ea <__gesf2>:
     7ea:	a8 e1       	ldi	r26, 0x18	; 24
     7ec:	b0 e0       	ldi	r27, 0x00	; 0
     7ee:	eb ef       	ldi	r30, 0xFB	; 251
     7f0:	f3 e0       	ldi	r31, 0x03	; 3
     7f2:	0c 94 6b 12 	jmp	0x24d6	; 0x24d6 <__prologue_saves__+0x18>
     7f6:	69 83       	std	Y+1, r22	; 0x01
     7f8:	7a 83       	std	Y+2, r23	; 0x02
     7fa:	8b 83       	std	Y+3, r24	; 0x03
     7fc:	9c 83       	std	Y+4, r25	; 0x04
     7fe:	2d 83       	std	Y+5, r18	; 0x05
     800:	3e 83       	std	Y+6, r19	; 0x06
     802:	4f 83       	std	Y+7, r20	; 0x07
     804:	58 87       	std	Y+8, r21	; 0x08
     806:	89 e0       	ldi	r24, 0x09	; 9
     808:	e8 2e       	mov	r14, r24
     80a:	f1 2c       	mov	r15, r1
     80c:	ec 0e       	add	r14, r28
     80e:	fd 1e       	adc	r15, r29
     810:	ce 01       	movw	r24, r28
     812:	01 96       	adiw	r24, 0x01	; 1
     814:	b7 01       	movw	r22, r14
     816:	0e 94 46 06 	call	0xc8c	; 0xc8c <__unpack_f>
     81a:	8e 01       	movw	r16, r28
     81c:	0f 5e       	subi	r16, 0xEF	; 239
     81e:	1f 4f       	sbci	r17, 0xFF	; 255
     820:	ce 01       	movw	r24, r28
     822:	05 96       	adiw	r24, 0x05	; 5
     824:	b8 01       	movw	r22, r16
     826:	0e 94 46 06 	call	0xc8c	; 0xc8c <__unpack_f>
     82a:	89 85       	ldd	r24, Y+9	; 0x09
     82c:	82 30       	cpi	r24, 0x02	; 2
     82e:	40 f0       	brcs	.+16     	; 0x840 <__gesf2+0x56>
     830:	89 89       	ldd	r24, Y+17	; 0x11
     832:	82 30       	cpi	r24, 0x02	; 2
     834:	28 f0       	brcs	.+10     	; 0x840 <__gesf2+0x56>
     836:	c7 01       	movw	r24, r14
     838:	b8 01       	movw	r22, r16
     83a:	0e 94 be 06 	call	0xd7c	; 0xd7c <__fpcmp_parts_f>
     83e:	01 c0       	rjmp	.+2      	; 0x842 <__gesf2+0x58>
     840:	8f ef       	ldi	r24, 0xFF	; 255
     842:	68 96       	adiw	r28, 0x18	; 24
     844:	e6 e0       	ldi	r30, 0x06	; 6
     846:	0c 94 87 12 	jmp	0x250e	; 0x250e <__epilogue_restores__+0x18>

0000084a <__ltsf2>:
     84a:	a8 e1       	ldi	r26, 0x18	; 24
     84c:	b0 e0       	ldi	r27, 0x00	; 0
     84e:	eb e2       	ldi	r30, 0x2B	; 43
     850:	f4 e0       	ldi	r31, 0x04	; 4
     852:	0c 94 6b 12 	jmp	0x24d6	; 0x24d6 <__prologue_saves__+0x18>
     856:	69 83       	std	Y+1, r22	; 0x01
     858:	7a 83       	std	Y+2, r23	; 0x02
     85a:	8b 83       	std	Y+3, r24	; 0x03
     85c:	9c 83       	std	Y+4, r25	; 0x04
     85e:	2d 83       	std	Y+5, r18	; 0x05
     860:	3e 83       	std	Y+6, r19	; 0x06
     862:	4f 83       	std	Y+7, r20	; 0x07
     864:	58 87       	std	Y+8, r21	; 0x08
     866:	89 e0       	ldi	r24, 0x09	; 9
     868:	e8 2e       	mov	r14, r24
     86a:	f1 2c       	mov	r15, r1
     86c:	ec 0e       	add	r14, r28
     86e:	fd 1e       	adc	r15, r29
     870:	ce 01       	movw	r24, r28
     872:	01 96       	adiw	r24, 0x01	; 1
     874:	b7 01       	movw	r22, r14
     876:	0e 94 46 06 	call	0xc8c	; 0xc8c <__unpack_f>
     87a:	8e 01       	movw	r16, r28
     87c:	0f 5e       	subi	r16, 0xEF	; 239
     87e:	1f 4f       	sbci	r17, 0xFF	; 255
     880:	ce 01       	movw	r24, r28
     882:	05 96       	adiw	r24, 0x05	; 5
     884:	b8 01       	movw	r22, r16
     886:	0e 94 46 06 	call	0xc8c	; 0xc8c <__unpack_f>
     88a:	89 85       	ldd	r24, Y+9	; 0x09
     88c:	82 30       	cpi	r24, 0x02	; 2
     88e:	40 f0       	brcs	.+16     	; 0x8a0 <__ltsf2+0x56>
     890:	89 89       	ldd	r24, Y+17	; 0x11
     892:	82 30       	cpi	r24, 0x02	; 2
     894:	28 f0       	brcs	.+10     	; 0x8a0 <__ltsf2+0x56>
     896:	c7 01       	movw	r24, r14
     898:	b8 01       	movw	r22, r16
     89a:	0e 94 be 06 	call	0xd7c	; 0xd7c <__fpcmp_parts_f>
     89e:	01 c0       	rjmp	.+2      	; 0x8a2 <__ltsf2+0x58>
     8a0:	81 e0       	ldi	r24, 0x01	; 1
     8a2:	68 96       	adiw	r28, 0x18	; 24
     8a4:	e6 e0       	ldi	r30, 0x06	; 6
     8a6:	0c 94 87 12 	jmp	0x250e	; 0x250e <__epilogue_restores__+0x18>

000008aa <__fixsfsi>:
     8aa:	ac e0       	ldi	r26, 0x0C	; 12
     8ac:	b0 e0       	ldi	r27, 0x00	; 0
     8ae:	eb e5       	ldi	r30, 0x5B	; 91
     8b0:	f4 e0       	ldi	r31, 0x04	; 4
     8b2:	0c 94 6f 12 	jmp	0x24de	; 0x24de <__prologue_saves__+0x20>
     8b6:	69 83       	std	Y+1, r22	; 0x01
     8b8:	7a 83       	std	Y+2, r23	; 0x02
     8ba:	8b 83       	std	Y+3, r24	; 0x03
     8bc:	9c 83       	std	Y+4, r25	; 0x04
     8be:	ce 01       	movw	r24, r28
     8c0:	01 96       	adiw	r24, 0x01	; 1
     8c2:	be 01       	movw	r22, r28
     8c4:	6b 5f       	subi	r22, 0xFB	; 251
     8c6:	7f 4f       	sbci	r23, 0xFF	; 255
     8c8:	0e 94 46 06 	call	0xc8c	; 0xc8c <__unpack_f>
     8cc:	8d 81       	ldd	r24, Y+5	; 0x05
     8ce:	82 30       	cpi	r24, 0x02	; 2
     8d0:	61 f1       	breq	.+88     	; 0x92a <__fixsfsi+0x80>
     8d2:	82 30       	cpi	r24, 0x02	; 2
     8d4:	50 f1       	brcs	.+84     	; 0x92a <__fixsfsi+0x80>
     8d6:	84 30       	cpi	r24, 0x04	; 4
     8d8:	21 f4       	brne	.+8      	; 0x8e2 <__fixsfsi+0x38>
     8da:	8e 81       	ldd	r24, Y+6	; 0x06
     8dc:	88 23       	and	r24, r24
     8de:	51 f1       	breq	.+84     	; 0x934 <__fixsfsi+0x8a>
     8e0:	2e c0       	rjmp	.+92     	; 0x93e <__fixsfsi+0x94>
     8e2:	2f 81       	ldd	r18, Y+7	; 0x07
     8e4:	38 85       	ldd	r19, Y+8	; 0x08
     8e6:	37 fd       	sbrc	r19, 7
     8e8:	20 c0       	rjmp	.+64     	; 0x92a <__fixsfsi+0x80>
     8ea:	6e 81       	ldd	r22, Y+6	; 0x06
     8ec:	2f 31       	cpi	r18, 0x1F	; 31
     8ee:	31 05       	cpc	r19, r1
     8f0:	1c f0       	brlt	.+6      	; 0x8f8 <__fixsfsi+0x4e>
     8f2:	66 23       	and	r22, r22
     8f4:	f9 f0       	breq	.+62     	; 0x934 <__fixsfsi+0x8a>
     8f6:	23 c0       	rjmp	.+70     	; 0x93e <__fixsfsi+0x94>
     8f8:	8e e1       	ldi	r24, 0x1E	; 30
     8fa:	90 e0       	ldi	r25, 0x00	; 0
     8fc:	82 1b       	sub	r24, r18
     8fe:	93 0b       	sbc	r25, r19
     900:	29 85       	ldd	r18, Y+9	; 0x09
     902:	3a 85       	ldd	r19, Y+10	; 0x0a
     904:	4b 85       	ldd	r20, Y+11	; 0x0b
     906:	5c 85       	ldd	r21, Y+12	; 0x0c
     908:	04 c0       	rjmp	.+8      	; 0x912 <__fixsfsi+0x68>
     90a:	56 95       	lsr	r21
     90c:	47 95       	ror	r20
     90e:	37 95       	ror	r19
     910:	27 95       	ror	r18
     912:	8a 95       	dec	r24
     914:	d2 f7       	brpl	.-12     	; 0x90a <__fixsfsi+0x60>
     916:	66 23       	and	r22, r22
     918:	b1 f0       	breq	.+44     	; 0x946 <__fixsfsi+0x9c>
     91a:	50 95       	com	r21
     91c:	40 95       	com	r20
     91e:	30 95       	com	r19
     920:	21 95       	neg	r18
     922:	3f 4f       	sbci	r19, 0xFF	; 255
     924:	4f 4f       	sbci	r20, 0xFF	; 255
     926:	5f 4f       	sbci	r21, 0xFF	; 255
     928:	0e c0       	rjmp	.+28     	; 0x946 <__fixsfsi+0x9c>
     92a:	20 e0       	ldi	r18, 0x00	; 0
     92c:	30 e0       	ldi	r19, 0x00	; 0
     92e:	40 e0       	ldi	r20, 0x00	; 0
     930:	50 e0       	ldi	r21, 0x00	; 0
     932:	09 c0       	rjmp	.+18     	; 0x946 <__fixsfsi+0x9c>
     934:	2f ef       	ldi	r18, 0xFF	; 255
     936:	3f ef       	ldi	r19, 0xFF	; 255
     938:	4f ef       	ldi	r20, 0xFF	; 255
     93a:	5f e7       	ldi	r21, 0x7F	; 127
     93c:	04 c0       	rjmp	.+8      	; 0x946 <__fixsfsi+0x9c>
     93e:	20 e0       	ldi	r18, 0x00	; 0
     940:	30 e0       	ldi	r19, 0x00	; 0
     942:	40 e0       	ldi	r20, 0x00	; 0
     944:	50 e8       	ldi	r21, 0x80	; 128
     946:	b9 01       	movw	r22, r18
     948:	ca 01       	movw	r24, r20
     94a:	2c 96       	adiw	r28, 0x0c	; 12
     94c:	e2 e0       	ldi	r30, 0x02	; 2
     94e:	0c 94 8b 12 	jmp	0x2516	; 0x2516 <__epilogue_restores__+0x20>

00000952 <__floatunsisf>:
     952:	a8 e0       	ldi	r26, 0x08	; 8
     954:	b0 e0       	ldi	r27, 0x00	; 0
     956:	ef ea       	ldi	r30, 0xAF	; 175
     958:	f4 e0       	ldi	r31, 0x04	; 4
     95a:	0c 94 67 12 	jmp	0x24ce	; 0x24ce <__prologue_saves__+0x10>
     95e:	7b 01       	movw	r14, r22
     960:	8c 01       	movw	r16, r24
     962:	61 15       	cp	r22, r1
     964:	71 05       	cpc	r23, r1
     966:	81 05       	cpc	r24, r1
     968:	91 05       	cpc	r25, r1
     96a:	19 f4       	brne	.+6      	; 0x972 <__floatunsisf+0x20>
     96c:	82 e0       	ldi	r24, 0x02	; 2
     96e:	89 83       	std	Y+1, r24	; 0x01
     970:	60 c0       	rjmp	.+192    	; 0xa32 <__floatunsisf+0xe0>
     972:	83 e0       	ldi	r24, 0x03	; 3
     974:	89 83       	std	Y+1, r24	; 0x01
     976:	8e e1       	ldi	r24, 0x1E	; 30
     978:	c8 2e       	mov	r12, r24
     97a:	d1 2c       	mov	r13, r1
     97c:	dc 82       	std	Y+4, r13	; 0x04
     97e:	cb 82       	std	Y+3, r12	; 0x03
     980:	ed 82       	std	Y+5, r14	; 0x05
     982:	fe 82       	std	Y+6, r15	; 0x06
     984:	0f 83       	std	Y+7, r16	; 0x07
     986:	18 87       	std	Y+8, r17	; 0x08
     988:	c8 01       	movw	r24, r16
     98a:	b7 01       	movw	r22, r14
     98c:	0e 94 22 05 	call	0xa44	; 0xa44 <__clzsi2>
     990:	fc 01       	movw	r30, r24
     992:	31 97       	sbiw	r30, 0x01	; 1
     994:	f7 ff       	sbrs	r31, 7
     996:	3b c0       	rjmp	.+118    	; 0xa0e <__floatunsisf+0xbc>
     998:	22 27       	eor	r18, r18
     99a:	33 27       	eor	r19, r19
     99c:	2e 1b       	sub	r18, r30
     99e:	3f 0b       	sbc	r19, r31
     9a0:	57 01       	movw	r10, r14
     9a2:	68 01       	movw	r12, r16
     9a4:	02 2e       	mov	r0, r18
     9a6:	04 c0       	rjmp	.+8      	; 0x9b0 <__floatunsisf+0x5e>
     9a8:	d6 94       	lsr	r13
     9aa:	c7 94       	ror	r12
     9ac:	b7 94       	ror	r11
     9ae:	a7 94       	ror	r10
     9b0:	0a 94       	dec	r0
     9b2:	d2 f7       	brpl	.-12     	; 0x9a8 <__floatunsisf+0x56>
     9b4:	40 e0       	ldi	r20, 0x00	; 0
     9b6:	50 e0       	ldi	r21, 0x00	; 0
     9b8:	60 e0       	ldi	r22, 0x00	; 0
     9ba:	70 e0       	ldi	r23, 0x00	; 0
     9bc:	81 e0       	ldi	r24, 0x01	; 1
     9be:	90 e0       	ldi	r25, 0x00	; 0
     9c0:	a0 e0       	ldi	r26, 0x00	; 0
     9c2:	b0 e0       	ldi	r27, 0x00	; 0
     9c4:	04 c0       	rjmp	.+8      	; 0x9ce <__floatunsisf+0x7c>
     9c6:	88 0f       	add	r24, r24
     9c8:	99 1f       	adc	r25, r25
     9ca:	aa 1f       	adc	r26, r26
     9cc:	bb 1f       	adc	r27, r27
     9ce:	2a 95       	dec	r18
     9d0:	d2 f7       	brpl	.-12     	; 0x9c6 <__floatunsisf+0x74>
     9d2:	01 97       	sbiw	r24, 0x01	; 1
     9d4:	a1 09       	sbc	r26, r1
     9d6:	b1 09       	sbc	r27, r1
     9d8:	8e 21       	and	r24, r14
     9da:	9f 21       	and	r25, r15
     9dc:	a0 23       	and	r26, r16
     9de:	b1 23       	and	r27, r17
     9e0:	00 97       	sbiw	r24, 0x00	; 0
     9e2:	a1 05       	cpc	r26, r1
     9e4:	b1 05       	cpc	r27, r1
     9e6:	21 f0       	breq	.+8      	; 0x9f0 <__floatunsisf+0x9e>
     9e8:	41 e0       	ldi	r20, 0x01	; 1
     9ea:	50 e0       	ldi	r21, 0x00	; 0
     9ec:	60 e0       	ldi	r22, 0x00	; 0
     9ee:	70 e0       	ldi	r23, 0x00	; 0
     9f0:	4a 29       	or	r20, r10
     9f2:	5b 29       	or	r21, r11
     9f4:	6c 29       	or	r22, r12
     9f6:	7d 29       	or	r23, r13
     9f8:	4d 83       	std	Y+5, r20	; 0x05
     9fa:	5e 83       	std	Y+6, r21	; 0x06
     9fc:	6f 83       	std	Y+7, r22	; 0x07
     9fe:	78 87       	std	Y+8, r23	; 0x08
     a00:	8e e1       	ldi	r24, 0x1E	; 30
     a02:	90 e0       	ldi	r25, 0x00	; 0
     a04:	8e 1b       	sub	r24, r30
     a06:	9f 0b       	sbc	r25, r31
     a08:	9c 83       	std	Y+4, r25	; 0x04
     a0a:	8b 83       	std	Y+3, r24	; 0x03
     a0c:	12 c0       	rjmp	.+36     	; 0xa32 <__floatunsisf+0xe0>
     a0e:	30 97       	sbiw	r30, 0x00	; 0
     a10:	81 f0       	breq	.+32     	; 0xa32 <__floatunsisf+0xe0>
     a12:	0e 2e       	mov	r0, r30
     a14:	04 c0       	rjmp	.+8      	; 0xa1e <__floatunsisf+0xcc>
     a16:	ee 0c       	add	r14, r14
     a18:	ff 1c       	adc	r15, r15
     a1a:	00 1f       	adc	r16, r16
     a1c:	11 1f       	adc	r17, r17
     a1e:	0a 94       	dec	r0
     a20:	d2 f7       	brpl	.-12     	; 0xa16 <__floatunsisf+0xc4>
     a22:	ed 82       	std	Y+5, r14	; 0x05
     a24:	fe 82       	std	Y+6, r15	; 0x06
     a26:	0f 83       	std	Y+7, r16	; 0x07
     a28:	18 87       	std	Y+8, r17	; 0x08
     a2a:	ce 1a       	sub	r12, r30
     a2c:	df 0a       	sbc	r13, r31
     a2e:	dc 82       	std	Y+4, r13	; 0x04
     a30:	cb 82       	std	Y+3, r12	; 0x03
     a32:	1a 82       	std	Y+2, r1	; 0x02
     a34:	ce 01       	movw	r24, r28
     a36:	01 96       	adiw	r24, 0x01	; 1
     a38:	0e 94 71 05 	call	0xae2	; 0xae2 <__pack_f>
     a3c:	28 96       	adiw	r28, 0x08	; 8
     a3e:	ea e0       	ldi	r30, 0x0A	; 10
     a40:	0c 94 83 12 	jmp	0x2506	; 0x2506 <__epilogue_restores__+0x10>

00000a44 <__clzsi2>:
     a44:	ef 92       	push	r14
     a46:	ff 92       	push	r15
     a48:	0f 93       	push	r16
     a4a:	1f 93       	push	r17
     a4c:	7b 01       	movw	r14, r22
     a4e:	8c 01       	movw	r16, r24
     a50:	80 e0       	ldi	r24, 0x00	; 0
     a52:	e8 16       	cp	r14, r24
     a54:	80 e0       	ldi	r24, 0x00	; 0
     a56:	f8 06       	cpc	r15, r24
     a58:	81 e0       	ldi	r24, 0x01	; 1
     a5a:	08 07       	cpc	r16, r24
     a5c:	80 e0       	ldi	r24, 0x00	; 0
     a5e:	18 07       	cpc	r17, r24
     a60:	88 f4       	brcc	.+34     	; 0xa84 <__clzsi2+0x40>
     a62:	8f ef       	ldi	r24, 0xFF	; 255
     a64:	e8 16       	cp	r14, r24
     a66:	f1 04       	cpc	r15, r1
     a68:	01 05       	cpc	r16, r1
     a6a:	11 05       	cpc	r17, r1
     a6c:	31 f0       	breq	.+12     	; 0xa7a <__clzsi2+0x36>
     a6e:	28 f0       	brcs	.+10     	; 0xa7a <__clzsi2+0x36>
     a70:	88 e0       	ldi	r24, 0x08	; 8
     a72:	90 e0       	ldi	r25, 0x00	; 0
     a74:	a0 e0       	ldi	r26, 0x00	; 0
     a76:	b0 e0       	ldi	r27, 0x00	; 0
     a78:	17 c0       	rjmp	.+46     	; 0xaa8 <__clzsi2+0x64>
     a7a:	80 e0       	ldi	r24, 0x00	; 0
     a7c:	90 e0       	ldi	r25, 0x00	; 0
     a7e:	a0 e0       	ldi	r26, 0x00	; 0
     a80:	b0 e0       	ldi	r27, 0x00	; 0
     a82:	12 c0       	rjmp	.+36     	; 0xaa8 <__clzsi2+0x64>
     a84:	80 e0       	ldi	r24, 0x00	; 0
     a86:	e8 16       	cp	r14, r24
     a88:	80 e0       	ldi	r24, 0x00	; 0
     a8a:	f8 06       	cpc	r15, r24
     a8c:	80 e0       	ldi	r24, 0x00	; 0
     a8e:	08 07       	cpc	r16, r24
     a90:	81 e0       	ldi	r24, 0x01	; 1
     a92:	18 07       	cpc	r17, r24
     a94:	28 f0       	brcs	.+10     	; 0xaa0 <__clzsi2+0x5c>
     a96:	88 e1       	ldi	r24, 0x18	; 24
     a98:	90 e0       	ldi	r25, 0x00	; 0
     a9a:	a0 e0       	ldi	r26, 0x00	; 0
     a9c:	b0 e0       	ldi	r27, 0x00	; 0
     a9e:	04 c0       	rjmp	.+8      	; 0xaa8 <__clzsi2+0x64>
     aa0:	80 e1       	ldi	r24, 0x10	; 16
     aa2:	90 e0       	ldi	r25, 0x00	; 0
     aa4:	a0 e0       	ldi	r26, 0x00	; 0
     aa6:	b0 e0       	ldi	r27, 0x00	; 0
     aa8:	20 e2       	ldi	r18, 0x20	; 32
     aaa:	30 e0       	ldi	r19, 0x00	; 0
     aac:	40 e0       	ldi	r20, 0x00	; 0
     aae:	50 e0       	ldi	r21, 0x00	; 0
     ab0:	28 1b       	sub	r18, r24
     ab2:	39 0b       	sbc	r19, r25
     ab4:	4a 0b       	sbc	r20, r26
     ab6:	5b 0b       	sbc	r21, r27
     ab8:	04 c0       	rjmp	.+8      	; 0xac2 <__clzsi2+0x7e>
     aba:	16 95       	lsr	r17
     abc:	07 95       	ror	r16
     abe:	f7 94       	ror	r15
     ac0:	e7 94       	ror	r14
     ac2:	8a 95       	dec	r24
     ac4:	d2 f7       	brpl	.-12     	; 0xaba <__clzsi2+0x76>
     ac6:	f7 01       	movw	r30, r14
     ac8:	ea 58       	subi	r30, 0x8A	; 138
     aca:	ff 4f       	sbci	r31, 0xFF	; 255
     acc:	80 81       	ld	r24, Z
     ace:	28 1b       	sub	r18, r24
     ad0:	31 09       	sbc	r19, r1
     ad2:	41 09       	sbc	r20, r1
     ad4:	51 09       	sbc	r21, r1
     ad6:	c9 01       	movw	r24, r18
     ad8:	1f 91       	pop	r17
     ada:	0f 91       	pop	r16
     adc:	ff 90       	pop	r15
     ade:	ef 90       	pop	r14
     ae0:	08 95       	ret

00000ae2 <__pack_f>:
     ae2:	df 92       	push	r13
     ae4:	ef 92       	push	r14
     ae6:	ff 92       	push	r15
     ae8:	0f 93       	push	r16
     aea:	1f 93       	push	r17
     aec:	fc 01       	movw	r30, r24
     aee:	e4 80       	ldd	r14, Z+4	; 0x04
     af0:	f5 80       	ldd	r15, Z+5	; 0x05
     af2:	06 81       	ldd	r16, Z+6	; 0x06
     af4:	17 81       	ldd	r17, Z+7	; 0x07
     af6:	d1 80       	ldd	r13, Z+1	; 0x01
     af8:	80 81       	ld	r24, Z
     afa:	82 30       	cpi	r24, 0x02	; 2
     afc:	48 f4       	brcc	.+18     	; 0xb10 <__pack_f+0x2e>
     afe:	80 e0       	ldi	r24, 0x00	; 0
     b00:	90 e0       	ldi	r25, 0x00	; 0
     b02:	a0 e1       	ldi	r26, 0x10	; 16
     b04:	b0 e0       	ldi	r27, 0x00	; 0
     b06:	e8 2a       	or	r14, r24
     b08:	f9 2a       	or	r15, r25
     b0a:	0a 2b       	or	r16, r26
     b0c:	1b 2b       	or	r17, r27
     b0e:	a5 c0       	rjmp	.+330    	; 0xc5a <__pack_f+0x178>
     b10:	84 30       	cpi	r24, 0x04	; 4
     b12:	09 f4       	brne	.+2      	; 0xb16 <__pack_f+0x34>
     b14:	9f c0       	rjmp	.+318    	; 0xc54 <__pack_f+0x172>
     b16:	82 30       	cpi	r24, 0x02	; 2
     b18:	21 f4       	brne	.+8      	; 0xb22 <__pack_f+0x40>
     b1a:	ee 24       	eor	r14, r14
     b1c:	ff 24       	eor	r15, r15
     b1e:	87 01       	movw	r16, r14
     b20:	05 c0       	rjmp	.+10     	; 0xb2c <__pack_f+0x4a>
     b22:	e1 14       	cp	r14, r1
     b24:	f1 04       	cpc	r15, r1
     b26:	01 05       	cpc	r16, r1
     b28:	11 05       	cpc	r17, r1
     b2a:	19 f4       	brne	.+6      	; 0xb32 <__pack_f+0x50>
     b2c:	e0 e0       	ldi	r30, 0x00	; 0
     b2e:	f0 e0       	ldi	r31, 0x00	; 0
     b30:	96 c0       	rjmp	.+300    	; 0xc5e <__pack_f+0x17c>
     b32:	62 81       	ldd	r22, Z+2	; 0x02
     b34:	73 81       	ldd	r23, Z+3	; 0x03
     b36:	9f ef       	ldi	r25, 0xFF	; 255
     b38:	62 38       	cpi	r22, 0x82	; 130
     b3a:	79 07       	cpc	r23, r25
     b3c:	0c f0       	brlt	.+2      	; 0xb40 <__pack_f+0x5e>
     b3e:	5b c0       	rjmp	.+182    	; 0xbf6 <__pack_f+0x114>
     b40:	22 e8       	ldi	r18, 0x82	; 130
     b42:	3f ef       	ldi	r19, 0xFF	; 255
     b44:	26 1b       	sub	r18, r22
     b46:	37 0b       	sbc	r19, r23
     b48:	2a 31       	cpi	r18, 0x1A	; 26
     b4a:	31 05       	cpc	r19, r1
     b4c:	2c f0       	brlt	.+10     	; 0xb58 <__pack_f+0x76>
     b4e:	20 e0       	ldi	r18, 0x00	; 0
     b50:	30 e0       	ldi	r19, 0x00	; 0
     b52:	40 e0       	ldi	r20, 0x00	; 0
     b54:	50 e0       	ldi	r21, 0x00	; 0
     b56:	2a c0       	rjmp	.+84     	; 0xbac <__pack_f+0xca>
     b58:	b8 01       	movw	r22, r16
     b5a:	a7 01       	movw	r20, r14
     b5c:	02 2e       	mov	r0, r18
     b5e:	04 c0       	rjmp	.+8      	; 0xb68 <__pack_f+0x86>
     b60:	76 95       	lsr	r23
     b62:	67 95       	ror	r22
     b64:	57 95       	ror	r21
     b66:	47 95       	ror	r20
     b68:	0a 94       	dec	r0
     b6a:	d2 f7       	brpl	.-12     	; 0xb60 <__pack_f+0x7e>
     b6c:	81 e0       	ldi	r24, 0x01	; 1
     b6e:	90 e0       	ldi	r25, 0x00	; 0
     b70:	a0 e0       	ldi	r26, 0x00	; 0
     b72:	b0 e0       	ldi	r27, 0x00	; 0
     b74:	04 c0       	rjmp	.+8      	; 0xb7e <__pack_f+0x9c>
     b76:	88 0f       	add	r24, r24
     b78:	99 1f       	adc	r25, r25
     b7a:	aa 1f       	adc	r26, r26
     b7c:	bb 1f       	adc	r27, r27
     b7e:	2a 95       	dec	r18
     b80:	d2 f7       	brpl	.-12     	; 0xb76 <__pack_f+0x94>
     b82:	01 97       	sbiw	r24, 0x01	; 1
     b84:	a1 09       	sbc	r26, r1
     b86:	b1 09       	sbc	r27, r1
     b88:	8e 21       	and	r24, r14
     b8a:	9f 21       	and	r25, r15
     b8c:	a0 23       	and	r26, r16
     b8e:	b1 23       	and	r27, r17
     b90:	00 97       	sbiw	r24, 0x00	; 0
     b92:	a1 05       	cpc	r26, r1
     b94:	b1 05       	cpc	r27, r1
     b96:	21 f0       	breq	.+8      	; 0xba0 <__pack_f+0xbe>
     b98:	81 e0       	ldi	r24, 0x01	; 1
     b9a:	90 e0       	ldi	r25, 0x00	; 0
     b9c:	a0 e0       	ldi	r26, 0x00	; 0
     b9e:	b0 e0       	ldi	r27, 0x00	; 0
     ba0:	9a 01       	movw	r18, r20
     ba2:	ab 01       	movw	r20, r22
     ba4:	28 2b       	or	r18, r24
     ba6:	39 2b       	or	r19, r25
     ba8:	4a 2b       	or	r20, r26
     baa:	5b 2b       	or	r21, r27
     bac:	da 01       	movw	r26, r20
     bae:	c9 01       	movw	r24, r18
     bb0:	8f 77       	andi	r24, 0x7F	; 127
     bb2:	90 70       	andi	r25, 0x00	; 0
     bb4:	a0 70       	andi	r26, 0x00	; 0
     bb6:	b0 70       	andi	r27, 0x00	; 0
     bb8:	80 34       	cpi	r24, 0x40	; 64
     bba:	91 05       	cpc	r25, r1
     bbc:	a1 05       	cpc	r26, r1
     bbe:	b1 05       	cpc	r27, r1
     bc0:	39 f4       	brne	.+14     	; 0xbd0 <__pack_f+0xee>
     bc2:	27 ff       	sbrs	r18, 7
     bc4:	09 c0       	rjmp	.+18     	; 0xbd8 <__pack_f+0xf6>
     bc6:	20 5c       	subi	r18, 0xC0	; 192
     bc8:	3f 4f       	sbci	r19, 0xFF	; 255
     bca:	4f 4f       	sbci	r20, 0xFF	; 255
     bcc:	5f 4f       	sbci	r21, 0xFF	; 255
     bce:	04 c0       	rjmp	.+8      	; 0xbd8 <__pack_f+0xf6>
     bd0:	21 5c       	subi	r18, 0xC1	; 193
     bd2:	3f 4f       	sbci	r19, 0xFF	; 255
     bd4:	4f 4f       	sbci	r20, 0xFF	; 255
     bd6:	5f 4f       	sbci	r21, 0xFF	; 255
     bd8:	e0 e0       	ldi	r30, 0x00	; 0
     bda:	f0 e0       	ldi	r31, 0x00	; 0
     bdc:	20 30       	cpi	r18, 0x00	; 0
     bde:	a0 e0       	ldi	r26, 0x00	; 0
     be0:	3a 07       	cpc	r19, r26
     be2:	a0 e0       	ldi	r26, 0x00	; 0
     be4:	4a 07       	cpc	r20, r26
     be6:	a0 e4       	ldi	r26, 0x40	; 64
     be8:	5a 07       	cpc	r21, r26
     bea:	10 f0       	brcs	.+4      	; 0xbf0 <__pack_f+0x10e>
     bec:	e1 e0       	ldi	r30, 0x01	; 1
     bee:	f0 e0       	ldi	r31, 0x00	; 0
     bf0:	79 01       	movw	r14, r18
     bf2:	8a 01       	movw	r16, r20
     bf4:	27 c0       	rjmp	.+78     	; 0xc44 <__pack_f+0x162>
     bf6:	60 38       	cpi	r22, 0x80	; 128
     bf8:	71 05       	cpc	r23, r1
     bfa:	64 f5       	brge	.+88     	; 0xc54 <__pack_f+0x172>
     bfc:	fb 01       	movw	r30, r22
     bfe:	e1 58       	subi	r30, 0x81	; 129
     c00:	ff 4f       	sbci	r31, 0xFF	; 255
     c02:	d8 01       	movw	r26, r16
     c04:	c7 01       	movw	r24, r14
     c06:	8f 77       	andi	r24, 0x7F	; 127
     c08:	90 70       	andi	r25, 0x00	; 0
     c0a:	a0 70       	andi	r26, 0x00	; 0
     c0c:	b0 70       	andi	r27, 0x00	; 0
     c0e:	80 34       	cpi	r24, 0x40	; 64
     c10:	91 05       	cpc	r25, r1
     c12:	a1 05       	cpc	r26, r1
     c14:	b1 05       	cpc	r27, r1
     c16:	39 f4       	brne	.+14     	; 0xc26 <__pack_f+0x144>
     c18:	e7 fe       	sbrs	r14, 7
     c1a:	0d c0       	rjmp	.+26     	; 0xc36 <__pack_f+0x154>
     c1c:	80 e4       	ldi	r24, 0x40	; 64
     c1e:	90 e0       	ldi	r25, 0x00	; 0
     c20:	a0 e0       	ldi	r26, 0x00	; 0
     c22:	b0 e0       	ldi	r27, 0x00	; 0
     c24:	04 c0       	rjmp	.+8      	; 0xc2e <__pack_f+0x14c>
     c26:	8f e3       	ldi	r24, 0x3F	; 63
     c28:	90 e0       	ldi	r25, 0x00	; 0
     c2a:	a0 e0       	ldi	r26, 0x00	; 0
     c2c:	b0 e0       	ldi	r27, 0x00	; 0
     c2e:	e8 0e       	add	r14, r24
     c30:	f9 1e       	adc	r15, r25
     c32:	0a 1f       	adc	r16, r26
     c34:	1b 1f       	adc	r17, r27
     c36:	17 ff       	sbrs	r17, 7
     c38:	05 c0       	rjmp	.+10     	; 0xc44 <__pack_f+0x162>
     c3a:	16 95       	lsr	r17
     c3c:	07 95       	ror	r16
     c3e:	f7 94       	ror	r15
     c40:	e7 94       	ror	r14
     c42:	31 96       	adiw	r30, 0x01	; 1
     c44:	87 e0       	ldi	r24, 0x07	; 7
     c46:	16 95       	lsr	r17
     c48:	07 95       	ror	r16
     c4a:	f7 94       	ror	r15
     c4c:	e7 94       	ror	r14
     c4e:	8a 95       	dec	r24
     c50:	d1 f7       	brne	.-12     	; 0xc46 <__pack_f+0x164>
     c52:	05 c0       	rjmp	.+10     	; 0xc5e <__pack_f+0x17c>
     c54:	ee 24       	eor	r14, r14
     c56:	ff 24       	eor	r15, r15
     c58:	87 01       	movw	r16, r14
     c5a:	ef ef       	ldi	r30, 0xFF	; 255
     c5c:	f0 e0       	ldi	r31, 0x00	; 0
     c5e:	6e 2f       	mov	r22, r30
     c60:	67 95       	ror	r22
     c62:	66 27       	eor	r22, r22
     c64:	67 95       	ror	r22
     c66:	90 2f       	mov	r25, r16
     c68:	9f 77       	andi	r25, 0x7F	; 127
     c6a:	d7 94       	ror	r13
     c6c:	dd 24       	eor	r13, r13
     c6e:	d7 94       	ror	r13
     c70:	8e 2f       	mov	r24, r30
     c72:	86 95       	lsr	r24
     c74:	49 2f       	mov	r20, r25
     c76:	46 2b       	or	r20, r22
     c78:	58 2f       	mov	r21, r24
     c7a:	5d 29       	or	r21, r13
     c7c:	b7 01       	movw	r22, r14
     c7e:	ca 01       	movw	r24, r20
     c80:	1f 91       	pop	r17
     c82:	0f 91       	pop	r16
     c84:	ff 90       	pop	r15
     c86:	ef 90       	pop	r14
     c88:	df 90       	pop	r13
     c8a:	08 95       	ret

00000c8c <__unpack_f>:
     c8c:	fc 01       	movw	r30, r24
     c8e:	db 01       	movw	r26, r22
     c90:	40 81       	ld	r20, Z
     c92:	51 81       	ldd	r21, Z+1	; 0x01
     c94:	22 81       	ldd	r18, Z+2	; 0x02
     c96:	62 2f       	mov	r22, r18
     c98:	6f 77       	andi	r22, 0x7F	; 127
     c9a:	70 e0       	ldi	r23, 0x00	; 0
     c9c:	22 1f       	adc	r18, r18
     c9e:	22 27       	eor	r18, r18
     ca0:	22 1f       	adc	r18, r18
     ca2:	93 81       	ldd	r25, Z+3	; 0x03
     ca4:	89 2f       	mov	r24, r25
     ca6:	88 0f       	add	r24, r24
     ca8:	82 2b       	or	r24, r18
     caa:	28 2f       	mov	r18, r24
     cac:	30 e0       	ldi	r19, 0x00	; 0
     cae:	99 1f       	adc	r25, r25
     cb0:	99 27       	eor	r25, r25
     cb2:	99 1f       	adc	r25, r25
     cb4:	11 96       	adiw	r26, 0x01	; 1
     cb6:	9c 93       	st	X, r25
     cb8:	11 97       	sbiw	r26, 0x01	; 1
     cba:	21 15       	cp	r18, r1
     cbc:	31 05       	cpc	r19, r1
     cbe:	a9 f5       	brne	.+106    	; 0xd2a <__unpack_f+0x9e>
     cc0:	41 15       	cp	r20, r1
     cc2:	51 05       	cpc	r21, r1
     cc4:	61 05       	cpc	r22, r1
     cc6:	71 05       	cpc	r23, r1
     cc8:	11 f4       	brne	.+4      	; 0xcce <__unpack_f+0x42>
     cca:	82 e0       	ldi	r24, 0x02	; 2
     ccc:	37 c0       	rjmp	.+110    	; 0xd3c <__unpack_f+0xb0>
     cce:	82 e8       	ldi	r24, 0x82	; 130
     cd0:	9f ef       	ldi	r25, 0xFF	; 255
     cd2:	13 96       	adiw	r26, 0x03	; 3
     cd4:	9c 93       	st	X, r25
     cd6:	8e 93       	st	-X, r24
     cd8:	12 97       	sbiw	r26, 0x02	; 2
     cda:	9a 01       	movw	r18, r20
     cdc:	ab 01       	movw	r20, r22
     cde:	67 e0       	ldi	r22, 0x07	; 7
     ce0:	22 0f       	add	r18, r18
     ce2:	33 1f       	adc	r19, r19
     ce4:	44 1f       	adc	r20, r20
     ce6:	55 1f       	adc	r21, r21
     ce8:	6a 95       	dec	r22
     cea:	d1 f7       	brne	.-12     	; 0xce0 <__unpack_f+0x54>
     cec:	83 e0       	ldi	r24, 0x03	; 3
     cee:	8c 93       	st	X, r24
     cf0:	0d c0       	rjmp	.+26     	; 0xd0c <__unpack_f+0x80>
     cf2:	22 0f       	add	r18, r18
     cf4:	33 1f       	adc	r19, r19
     cf6:	44 1f       	adc	r20, r20
     cf8:	55 1f       	adc	r21, r21
     cfa:	12 96       	adiw	r26, 0x02	; 2
     cfc:	8d 91       	ld	r24, X+
     cfe:	9c 91       	ld	r25, X
     d00:	13 97       	sbiw	r26, 0x03	; 3
     d02:	01 97       	sbiw	r24, 0x01	; 1
     d04:	13 96       	adiw	r26, 0x03	; 3
     d06:	9c 93       	st	X, r25
     d08:	8e 93       	st	-X, r24
     d0a:	12 97       	sbiw	r26, 0x02	; 2
     d0c:	20 30       	cpi	r18, 0x00	; 0
     d0e:	80 e0       	ldi	r24, 0x00	; 0
     d10:	38 07       	cpc	r19, r24
     d12:	80 e0       	ldi	r24, 0x00	; 0
     d14:	48 07       	cpc	r20, r24
     d16:	80 e4       	ldi	r24, 0x40	; 64
     d18:	58 07       	cpc	r21, r24
     d1a:	58 f3       	brcs	.-42     	; 0xcf2 <__unpack_f+0x66>
     d1c:	14 96       	adiw	r26, 0x04	; 4
     d1e:	2d 93       	st	X+, r18
     d20:	3d 93       	st	X+, r19
     d22:	4d 93       	st	X+, r20
     d24:	5c 93       	st	X, r21
     d26:	17 97       	sbiw	r26, 0x07	; 7
     d28:	08 95       	ret
     d2a:	2f 3f       	cpi	r18, 0xFF	; 255
     d2c:	31 05       	cpc	r19, r1
     d2e:	79 f4       	brne	.+30     	; 0xd4e <__unpack_f+0xc2>
     d30:	41 15       	cp	r20, r1
     d32:	51 05       	cpc	r21, r1
     d34:	61 05       	cpc	r22, r1
     d36:	71 05       	cpc	r23, r1
     d38:	19 f4       	brne	.+6      	; 0xd40 <__unpack_f+0xb4>
     d3a:	84 e0       	ldi	r24, 0x04	; 4
     d3c:	8c 93       	st	X, r24
     d3e:	08 95       	ret
     d40:	64 ff       	sbrs	r22, 4
     d42:	03 c0       	rjmp	.+6      	; 0xd4a <__unpack_f+0xbe>
     d44:	81 e0       	ldi	r24, 0x01	; 1
     d46:	8c 93       	st	X, r24
     d48:	12 c0       	rjmp	.+36     	; 0xd6e <__unpack_f+0xe2>
     d4a:	1c 92       	st	X, r1
     d4c:	10 c0       	rjmp	.+32     	; 0xd6e <__unpack_f+0xe2>
     d4e:	2f 57       	subi	r18, 0x7F	; 127
     d50:	30 40       	sbci	r19, 0x00	; 0
     d52:	13 96       	adiw	r26, 0x03	; 3
     d54:	3c 93       	st	X, r19
     d56:	2e 93       	st	-X, r18
     d58:	12 97       	sbiw	r26, 0x02	; 2
     d5a:	83 e0       	ldi	r24, 0x03	; 3
     d5c:	8c 93       	st	X, r24
     d5e:	87 e0       	ldi	r24, 0x07	; 7
     d60:	44 0f       	add	r20, r20
     d62:	55 1f       	adc	r21, r21
     d64:	66 1f       	adc	r22, r22
     d66:	77 1f       	adc	r23, r23
     d68:	8a 95       	dec	r24
     d6a:	d1 f7       	brne	.-12     	; 0xd60 <__unpack_f+0xd4>
     d6c:	70 64       	ori	r23, 0x40	; 64
     d6e:	14 96       	adiw	r26, 0x04	; 4
     d70:	4d 93       	st	X+, r20
     d72:	5d 93       	st	X+, r21
     d74:	6d 93       	st	X+, r22
     d76:	7c 93       	st	X, r23
     d78:	17 97       	sbiw	r26, 0x07	; 7
     d7a:	08 95       	ret

00000d7c <__fpcmp_parts_f>:
     d7c:	1f 93       	push	r17
     d7e:	dc 01       	movw	r26, r24
     d80:	fb 01       	movw	r30, r22
     d82:	9c 91       	ld	r25, X
     d84:	92 30       	cpi	r25, 0x02	; 2
     d86:	08 f4       	brcc	.+2      	; 0xd8a <__fpcmp_parts_f+0xe>
     d88:	47 c0       	rjmp	.+142    	; 0xe18 <__fpcmp_parts_f+0x9c>
     d8a:	80 81       	ld	r24, Z
     d8c:	82 30       	cpi	r24, 0x02	; 2
     d8e:	08 f4       	brcc	.+2      	; 0xd92 <__fpcmp_parts_f+0x16>
     d90:	43 c0       	rjmp	.+134    	; 0xe18 <__fpcmp_parts_f+0x9c>
     d92:	94 30       	cpi	r25, 0x04	; 4
     d94:	51 f4       	brne	.+20     	; 0xdaa <__fpcmp_parts_f+0x2e>
     d96:	11 96       	adiw	r26, 0x01	; 1
     d98:	1c 91       	ld	r17, X
     d9a:	84 30       	cpi	r24, 0x04	; 4
     d9c:	99 f5       	brne	.+102    	; 0xe04 <__fpcmp_parts_f+0x88>
     d9e:	81 81       	ldd	r24, Z+1	; 0x01
     da0:	68 2f       	mov	r22, r24
     da2:	70 e0       	ldi	r23, 0x00	; 0
     da4:	61 1b       	sub	r22, r17
     da6:	71 09       	sbc	r23, r1
     da8:	3f c0       	rjmp	.+126    	; 0xe28 <__fpcmp_parts_f+0xac>
     daa:	84 30       	cpi	r24, 0x04	; 4
     dac:	21 f0       	breq	.+8      	; 0xdb6 <__fpcmp_parts_f+0x3a>
     dae:	92 30       	cpi	r25, 0x02	; 2
     db0:	31 f4       	brne	.+12     	; 0xdbe <__fpcmp_parts_f+0x42>
     db2:	82 30       	cpi	r24, 0x02	; 2
     db4:	b9 f1       	breq	.+110    	; 0xe24 <__fpcmp_parts_f+0xa8>
     db6:	81 81       	ldd	r24, Z+1	; 0x01
     db8:	88 23       	and	r24, r24
     dba:	89 f1       	breq	.+98     	; 0xe1e <__fpcmp_parts_f+0xa2>
     dbc:	2d c0       	rjmp	.+90     	; 0xe18 <__fpcmp_parts_f+0x9c>
     dbe:	11 96       	adiw	r26, 0x01	; 1
     dc0:	1c 91       	ld	r17, X
     dc2:	11 97       	sbiw	r26, 0x01	; 1
     dc4:	82 30       	cpi	r24, 0x02	; 2
     dc6:	f1 f0       	breq	.+60     	; 0xe04 <__fpcmp_parts_f+0x88>
     dc8:	81 81       	ldd	r24, Z+1	; 0x01
     dca:	18 17       	cp	r17, r24
     dcc:	d9 f4       	brne	.+54     	; 0xe04 <__fpcmp_parts_f+0x88>
     dce:	12 96       	adiw	r26, 0x02	; 2
     dd0:	2d 91       	ld	r18, X+
     dd2:	3c 91       	ld	r19, X
     dd4:	13 97       	sbiw	r26, 0x03	; 3
     dd6:	82 81       	ldd	r24, Z+2	; 0x02
     dd8:	93 81       	ldd	r25, Z+3	; 0x03
     dda:	82 17       	cp	r24, r18
     ddc:	93 07       	cpc	r25, r19
     dde:	94 f0       	brlt	.+36     	; 0xe04 <__fpcmp_parts_f+0x88>
     de0:	28 17       	cp	r18, r24
     de2:	39 07       	cpc	r19, r25
     de4:	bc f0       	brlt	.+46     	; 0xe14 <__fpcmp_parts_f+0x98>
     de6:	14 96       	adiw	r26, 0x04	; 4
     de8:	8d 91       	ld	r24, X+
     dea:	9d 91       	ld	r25, X+
     dec:	0d 90       	ld	r0, X+
     dee:	bc 91       	ld	r27, X
     df0:	a0 2d       	mov	r26, r0
     df2:	24 81       	ldd	r18, Z+4	; 0x04
     df4:	35 81       	ldd	r19, Z+5	; 0x05
     df6:	46 81       	ldd	r20, Z+6	; 0x06
     df8:	57 81       	ldd	r21, Z+7	; 0x07
     dfa:	28 17       	cp	r18, r24
     dfc:	39 07       	cpc	r19, r25
     dfe:	4a 07       	cpc	r20, r26
     e00:	5b 07       	cpc	r21, r27
     e02:	18 f4       	brcc	.+6      	; 0xe0a <__fpcmp_parts_f+0x8e>
     e04:	11 23       	and	r17, r17
     e06:	41 f0       	breq	.+16     	; 0xe18 <__fpcmp_parts_f+0x9c>
     e08:	0a c0       	rjmp	.+20     	; 0xe1e <__fpcmp_parts_f+0xa2>
     e0a:	82 17       	cp	r24, r18
     e0c:	93 07       	cpc	r25, r19
     e0e:	a4 07       	cpc	r26, r20
     e10:	b5 07       	cpc	r27, r21
     e12:	40 f4       	brcc	.+16     	; 0xe24 <__fpcmp_parts_f+0xa8>
     e14:	11 23       	and	r17, r17
     e16:	19 f0       	breq	.+6      	; 0xe1e <__fpcmp_parts_f+0xa2>
     e18:	61 e0       	ldi	r22, 0x01	; 1
     e1a:	70 e0       	ldi	r23, 0x00	; 0
     e1c:	05 c0       	rjmp	.+10     	; 0xe28 <__fpcmp_parts_f+0xac>
     e1e:	6f ef       	ldi	r22, 0xFF	; 255
     e20:	7f ef       	ldi	r23, 0xFF	; 255
     e22:	02 c0       	rjmp	.+4      	; 0xe28 <__fpcmp_parts_f+0xac>
     e24:	60 e0       	ldi	r22, 0x00	; 0
     e26:	70 e0       	ldi	r23, 0x00	; 0
     e28:	cb 01       	movw	r24, r22
     e2a:	1f 91       	pop	r17
     e2c:	08 95       	ret

00000e2e <main>:
#include<avr/io.h>

#define ENABLE_INTERRUPTS()				(SREG|=(1<<7))

int main()
{
     e2e:	df 93       	push	r29
     e30:	cf 93       	push	r28
     e32:	cd b7       	in	r28, 0x3d	; 61
     e34:	de b7       	in	r29, 0x3e	; 62
	ENABLE_INTERRUPTS();
     e36:	af e5       	ldi	r26, 0x5F	; 95
     e38:	b0 e0       	ldi	r27, 0x00	; 0
     e3a:	ef e5       	ldi	r30, 0x5F	; 95
     e3c:	f0 e0       	ldi	r31, 0x00	; 0
     e3e:	80 81       	ld	r24, Z
     e40:	80 68       	ori	r24, 0x80	; 128
     e42:	8c 93       	st	X, r24

	Ultrasonic_init();
     e44:	0e 94 e9 11 	call	0x23d2	; 0x23d2 <Ultrasonic_init>

	LCD_init();
     e48:	0e 94 85 0b 	call	0x170a	; 0x170a <LCD_init>

	LCD_displayString("distance =");
     e4c:	80 e6       	ldi	r24, 0x60	; 96
     e4e:	90 e0       	ldi	r25, 0x00	; 0
     e50:	0e 94 92 0f 	call	0x1f24	; 0x1f24 <LCD_displayString>

	while(1)
	{

		Ultrasonic_readDistance();
     e54:	0e 94 04 12 	call	0x2408	; 0x2408 <Ultrasonic_readDistance>

		if (distance <100)
     e58:	80 91 78 01 	lds	r24, 0x0178
     e5c:	90 91 79 01 	lds	r25, 0x0179
     e60:	84 36       	cpi	r24, 0x64	; 100
     e62:	91 05       	cpc	r25, r1
     e64:	90 f4       	brcc	.+36     	; 0xe8a <main+0x5c>
		{
			LCD_moveCursor(0, 11);
     e66:	80 e0       	ldi	r24, 0x00	; 0
     e68:	6b e0       	ldi	r22, 0x0B	; 11
     e6a:	0e 94 bb 0f 	call	0x1f76	; 0x1f76 <LCD_moveCursor>
			LCD_integerToString(distance);
     e6e:	80 91 78 01 	lds	r24, 0x0178
     e72:	90 91 79 01 	lds	r25, 0x0179
     e76:	0e 94 20 10 	call	0x2040	; 0x2040 <LCD_integerToString>
			LCD_displayCharacter(' ');
     e7a:	80 e2       	ldi	r24, 0x20	; 32
     e7c:	0e 94 9d 0d 	call	0x1b3a	; 0x1b3a <LCD_displayCharacter>
			LCD_displayString("Cm");
     e80:	8b e6       	ldi	r24, 0x6B	; 107
     e82:	90 e0       	ldi	r25, 0x00	; 0
     e84:	0e 94 92 0f 	call	0x1f24	; 0x1f24 <LCD_displayString>
     e88:	e5 cf       	rjmp	.-54     	; 0xe54 <main+0x26>

		}
		else
		{
			LCD_moveCursor(0, 11);
     e8a:	80 e0       	ldi	r24, 0x00	; 0
     e8c:	6b e0       	ldi	r22, 0x0B	; 11
     e8e:	0e 94 bb 0f 	call	0x1f76	; 0x1f76 <LCD_moveCursor>
			LCD_integerToString(distance);
     e92:	80 91 78 01 	lds	r24, 0x0178
     e96:	90 91 79 01 	lds	r25, 0x0179
     e9a:	0e 94 20 10 	call	0x2040	; 0x2040 <LCD_integerToString>
			LCD_displayString("Cm");
     e9e:	8b e6       	ldi	r24, 0x6B	; 107
     ea0:	90 e0       	ldi	r25, 0x00	; 0
     ea2:	0e 94 92 0f 	call	0x1f24	; 0x1f24 <LCD_displayString>
     ea6:	d6 cf       	rjmp	.-84     	; 0xe54 <main+0x26>

00000ea8 <GPIO_setupPinDirection>:
 * 							if the input of pin number or port number not correct the function will not
 * 							handle the request
 */

void GPIO_setupPinDirection(uint8 port_num, uint8 pin_num, GPIO_PinDirectionType direction)
{
     ea8:	df 93       	push	r29
     eaa:	cf 93       	push	r28
     eac:	00 d0       	rcall	.+0      	; 0xeae <GPIO_setupPinDirection+0x6>
     eae:	00 d0       	rcall	.+0      	; 0xeb0 <GPIO_setupPinDirection+0x8>
     eb0:	0f 92       	push	r0
     eb2:	cd b7       	in	r28, 0x3d	; 61
     eb4:	de b7       	in	r29, 0x3e	; 62
     eb6:	89 83       	std	Y+1, r24	; 0x01
     eb8:	6a 83       	std	Y+2, r22	; 0x02
     eba:	4b 83       	std	Y+3, r20	; 0x03
		 * Check if the input port number is greater than NUM_OF_PINS_PER_PORT value.
		 * Or if the input pin number is greater than NUM_OF_PINS_PER_PORT value.
		 * In this case the input is not valid port/pin number
		 */

	if( (port_num >= NUM_OF_PORTS) || (pin_num >= NUM_OF_PINS_PER_PORT) )
     ebc:	89 81       	ldd	r24, Y+1	; 0x01
     ebe:	84 30       	cpi	r24, 0x04	; 4
     ec0:	08 f0       	brcs	.+2      	; 0xec4 <GPIO_setupPinDirection+0x1c>
     ec2:	d5 c0       	rjmp	.+426    	; 0x106e <GPIO_setupPinDirection+0x1c6>
     ec4:	8a 81       	ldd	r24, Y+2	; 0x02
     ec6:	88 30       	cpi	r24, 0x08	; 8
     ec8:	08 f0       	brcs	.+2      	; 0xecc <GPIO_setupPinDirection+0x24>
     eca:	d1 c0       	rjmp	.+418    	; 0x106e <GPIO_setupPinDirection+0x1c6>
	}

	else
	{
		/* Setup pin direction */
		switch(port_num)
     ecc:	89 81       	ldd	r24, Y+1	; 0x01
     ece:	28 2f       	mov	r18, r24
     ed0:	30 e0       	ldi	r19, 0x00	; 0
     ed2:	3d 83       	std	Y+5, r19	; 0x05
     ed4:	2c 83       	std	Y+4, r18	; 0x04
     ed6:	8c 81       	ldd	r24, Y+4	; 0x04
     ed8:	9d 81       	ldd	r25, Y+5	; 0x05
     eda:	81 30       	cpi	r24, 0x01	; 1
     edc:	91 05       	cpc	r25, r1
     ede:	09 f4       	brne	.+2      	; 0xee2 <GPIO_setupPinDirection+0x3a>
     ee0:	43 c0       	rjmp	.+134    	; 0xf68 <GPIO_setupPinDirection+0xc0>
     ee2:	2c 81       	ldd	r18, Y+4	; 0x04
     ee4:	3d 81       	ldd	r19, Y+5	; 0x05
     ee6:	22 30       	cpi	r18, 0x02	; 2
     ee8:	31 05       	cpc	r19, r1
     eea:	2c f4       	brge	.+10     	; 0xef6 <GPIO_setupPinDirection+0x4e>
     eec:	8c 81       	ldd	r24, Y+4	; 0x04
     eee:	9d 81       	ldd	r25, Y+5	; 0x05
     ef0:	00 97       	sbiw	r24, 0x00	; 0
     ef2:	71 f0       	breq	.+28     	; 0xf10 <GPIO_setupPinDirection+0x68>
     ef4:	bc c0       	rjmp	.+376    	; 0x106e <GPIO_setupPinDirection+0x1c6>
     ef6:	2c 81       	ldd	r18, Y+4	; 0x04
     ef8:	3d 81       	ldd	r19, Y+5	; 0x05
     efa:	22 30       	cpi	r18, 0x02	; 2
     efc:	31 05       	cpc	r19, r1
     efe:	09 f4       	brne	.+2      	; 0xf02 <GPIO_setupPinDirection+0x5a>
     f00:	5f c0       	rjmp	.+190    	; 0xfc0 <GPIO_setupPinDirection+0x118>
     f02:	8c 81       	ldd	r24, Y+4	; 0x04
     f04:	9d 81       	ldd	r25, Y+5	; 0x05
     f06:	83 30       	cpi	r24, 0x03	; 3
     f08:	91 05       	cpc	r25, r1
     f0a:	09 f4       	brne	.+2      	; 0xf0e <GPIO_setupPinDirection+0x66>
     f0c:	85 c0       	rjmp	.+266    	; 0x1018 <GPIO_setupPinDirection+0x170>
     f0e:	af c0       	rjmp	.+350    	; 0x106e <GPIO_setupPinDirection+0x1c6>
		{
			case PORTA_ID:

				if(direction == PIN_OUTPUT)
     f10:	8b 81       	ldd	r24, Y+3	; 0x03
     f12:	81 30       	cpi	r24, 0x01	; 1
     f14:	a1 f4       	brne	.+40     	; 0xf3e <GPIO_setupPinDirection+0x96>
				{
					SET_BIT(DDRA,pin_num);
     f16:	aa e3       	ldi	r26, 0x3A	; 58
     f18:	b0 e0       	ldi	r27, 0x00	; 0
     f1a:	ea e3       	ldi	r30, 0x3A	; 58
     f1c:	f0 e0       	ldi	r31, 0x00	; 0
     f1e:	80 81       	ld	r24, Z
     f20:	48 2f       	mov	r20, r24
     f22:	8a 81       	ldd	r24, Y+2	; 0x02
     f24:	28 2f       	mov	r18, r24
     f26:	30 e0       	ldi	r19, 0x00	; 0
     f28:	81 e0       	ldi	r24, 0x01	; 1
     f2a:	90 e0       	ldi	r25, 0x00	; 0
     f2c:	02 2e       	mov	r0, r18
     f2e:	02 c0       	rjmp	.+4      	; 0xf34 <GPIO_setupPinDirection+0x8c>
     f30:	88 0f       	add	r24, r24
     f32:	99 1f       	adc	r25, r25
     f34:	0a 94       	dec	r0
     f36:	e2 f7       	brpl	.-8      	; 0xf30 <GPIO_setupPinDirection+0x88>
     f38:	84 2b       	or	r24, r20
     f3a:	8c 93       	st	X, r24
     f3c:	98 c0       	rjmp	.+304    	; 0x106e <GPIO_setupPinDirection+0x1c6>
				}
				else
				{
					CLEAR_BIT(DDRA,pin_num);
     f3e:	aa e3       	ldi	r26, 0x3A	; 58
     f40:	b0 e0       	ldi	r27, 0x00	; 0
     f42:	ea e3       	ldi	r30, 0x3A	; 58
     f44:	f0 e0       	ldi	r31, 0x00	; 0
     f46:	80 81       	ld	r24, Z
     f48:	48 2f       	mov	r20, r24
     f4a:	8a 81       	ldd	r24, Y+2	; 0x02
     f4c:	28 2f       	mov	r18, r24
     f4e:	30 e0       	ldi	r19, 0x00	; 0
     f50:	81 e0       	ldi	r24, 0x01	; 1
     f52:	90 e0       	ldi	r25, 0x00	; 0
     f54:	02 2e       	mov	r0, r18
     f56:	02 c0       	rjmp	.+4      	; 0xf5c <GPIO_setupPinDirection+0xb4>
     f58:	88 0f       	add	r24, r24
     f5a:	99 1f       	adc	r25, r25
     f5c:	0a 94       	dec	r0
     f5e:	e2 f7       	brpl	.-8      	; 0xf58 <GPIO_setupPinDirection+0xb0>
     f60:	80 95       	com	r24
     f62:	84 23       	and	r24, r20
     f64:	8c 93       	st	X, r24
     f66:	83 c0       	rjmp	.+262    	; 0x106e <GPIO_setupPinDirection+0x1c6>
				}
				break;

			case PORTB_ID:

				if(direction == PIN_OUTPUT)
     f68:	8b 81       	ldd	r24, Y+3	; 0x03
     f6a:	81 30       	cpi	r24, 0x01	; 1
     f6c:	a1 f4       	brne	.+40     	; 0xf96 <GPIO_setupPinDirection+0xee>
				{
					SET_BIT(DDRB,pin_num);
     f6e:	a7 e3       	ldi	r26, 0x37	; 55
     f70:	b0 e0       	ldi	r27, 0x00	; 0
     f72:	e7 e3       	ldi	r30, 0x37	; 55
     f74:	f0 e0       	ldi	r31, 0x00	; 0
     f76:	80 81       	ld	r24, Z
     f78:	48 2f       	mov	r20, r24
     f7a:	8a 81       	ldd	r24, Y+2	; 0x02
     f7c:	28 2f       	mov	r18, r24
     f7e:	30 e0       	ldi	r19, 0x00	; 0
     f80:	81 e0       	ldi	r24, 0x01	; 1
     f82:	90 e0       	ldi	r25, 0x00	; 0
     f84:	02 2e       	mov	r0, r18
     f86:	02 c0       	rjmp	.+4      	; 0xf8c <GPIO_setupPinDirection+0xe4>
     f88:	88 0f       	add	r24, r24
     f8a:	99 1f       	adc	r25, r25
     f8c:	0a 94       	dec	r0
     f8e:	e2 f7       	brpl	.-8      	; 0xf88 <GPIO_setupPinDirection+0xe0>
     f90:	84 2b       	or	r24, r20
     f92:	8c 93       	st	X, r24
     f94:	6c c0       	rjmp	.+216    	; 0x106e <GPIO_setupPinDirection+0x1c6>
				}
				else
				{
					CLEAR_BIT(DDRB,pin_num);
     f96:	a7 e3       	ldi	r26, 0x37	; 55
     f98:	b0 e0       	ldi	r27, 0x00	; 0
     f9a:	e7 e3       	ldi	r30, 0x37	; 55
     f9c:	f0 e0       	ldi	r31, 0x00	; 0
     f9e:	80 81       	ld	r24, Z
     fa0:	48 2f       	mov	r20, r24
     fa2:	8a 81       	ldd	r24, Y+2	; 0x02
     fa4:	28 2f       	mov	r18, r24
     fa6:	30 e0       	ldi	r19, 0x00	; 0
     fa8:	81 e0       	ldi	r24, 0x01	; 1
     faa:	90 e0       	ldi	r25, 0x00	; 0
     fac:	02 2e       	mov	r0, r18
     fae:	02 c0       	rjmp	.+4      	; 0xfb4 <GPIO_setupPinDirection+0x10c>
     fb0:	88 0f       	add	r24, r24
     fb2:	99 1f       	adc	r25, r25
     fb4:	0a 94       	dec	r0
     fb6:	e2 f7       	brpl	.-8      	; 0xfb0 <GPIO_setupPinDirection+0x108>
     fb8:	80 95       	com	r24
     fba:	84 23       	and	r24, r20
     fbc:	8c 93       	st	X, r24
     fbe:	57 c0       	rjmp	.+174    	; 0x106e <GPIO_setupPinDirection+0x1c6>
				}
				break;

			case PORTC_ID:

				if(direction == PIN_OUTPUT)
     fc0:	8b 81       	ldd	r24, Y+3	; 0x03
     fc2:	81 30       	cpi	r24, 0x01	; 1
     fc4:	a1 f4       	brne	.+40     	; 0xfee <GPIO_setupPinDirection+0x146>
				{
					SET_BIT(DDRC,pin_num);
     fc6:	a4 e3       	ldi	r26, 0x34	; 52
     fc8:	b0 e0       	ldi	r27, 0x00	; 0
     fca:	e4 e3       	ldi	r30, 0x34	; 52
     fcc:	f0 e0       	ldi	r31, 0x00	; 0
     fce:	80 81       	ld	r24, Z
     fd0:	48 2f       	mov	r20, r24
     fd2:	8a 81       	ldd	r24, Y+2	; 0x02
     fd4:	28 2f       	mov	r18, r24
     fd6:	30 e0       	ldi	r19, 0x00	; 0
     fd8:	81 e0       	ldi	r24, 0x01	; 1
     fda:	90 e0       	ldi	r25, 0x00	; 0
     fdc:	02 2e       	mov	r0, r18
     fde:	02 c0       	rjmp	.+4      	; 0xfe4 <GPIO_setupPinDirection+0x13c>
     fe0:	88 0f       	add	r24, r24
     fe2:	99 1f       	adc	r25, r25
     fe4:	0a 94       	dec	r0
     fe6:	e2 f7       	brpl	.-8      	; 0xfe0 <GPIO_setupPinDirection+0x138>
     fe8:	84 2b       	or	r24, r20
     fea:	8c 93       	st	X, r24
     fec:	40 c0       	rjmp	.+128    	; 0x106e <GPIO_setupPinDirection+0x1c6>
				}
				else
				{
					CLEAR_BIT(DDRC,pin_num);
     fee:	a4 e3       	ldi	r26, 0x34	; 52
     ff0:	b0 e0       	ldi	r27, 0x00	; 0
     ff2:	e4 e3       	ldi	r30, 0x34	; 52
     ff4:	f0 e0       	ldi	r31, 0x00	; 0
     ff6:	80 81       	ld	r24, Z
     ff8:	48 2f       	mov	r20, r24
     ffa:	8a 81       	ldd	r24, Y+2	; 0x02
     ffc:	28 2f       	mov	r18, r24
     ffe:	30 e0       	ldi	r19, 0x00	; 0
    1000:	81 e0       	ldi	r24, 0x01	; 1
    1002:	90 e0       	ldi	r25, 0x00	; 0
    1004:	02 2e       	mov	r0, r18
    1006:	02 c0       	rjmp	.+4      	; 0x100c <GPIO_setupPinDirection+0x164>
    1008:	88 0f       	add	r24, r24
    100a:	99 1f       	adc	r25, r25
    100c:	0a 94       	dec	r0
    100e:	e2 f7       	brpl	.-8      	; 0x1008 <GPIO_setupPinDirection+0x160>
    1010:	80 95       	com	r24
    1012:	84 23       	and	r24, r20
    1014:	8c 93       	st	X, r24
    1016:	2b c0       	rjmp	.+86     	; 0x106e <GPIO_setupPinDirection+0x1c6>
				}
				break;

			case PORTD_ID:

				if(direction == PIN_OUTPUT)
    1018:	8b 81       	ldd	r24, Y+3	; 0x03
    101a:	81 30       	cpi	r24, 0x01	; 1
    101c:	a1 f4       	brne	.+40     	; 0x1046 <GPIO_setupPinDirection+0x19e>
				{
					SET_BIT(DDRD,pin_num);
    101e:	a1 e3       	ldi	r26, 0x31	; 49
    1020:	b0 e0       	ldi	r27, 0x00	; 0
    1022:	e1 e3       	ldi	r30, 0x31	; 49
    1024:	f0 e0       	ldi	r31, 0x00	; 0
    1026:	80 81       	ld	r24, Z
    1028:	48 2f       	mov	r20, r24
    102a:	8a 81       	ldd	r24, Y+2	; 0x02
    102c:	28 2f       	mov	r18, r24
    102e:	30 e0       	ldi	r19, 0x00	; 0
    1030:	81 e0       	ldi	r24, 0x01	; 1
    1032:	90 e0       	ldi	r25, 0x00	; 0
    1034:	02 2e       	mov	r0, r18
    1036:	02 c0       	rjmp	.+4      	; 0x103c <GPIO_setupPinDirection+0x194>
    1038:	88 0f       	add	r24, r24
    103a:	99 1f       	adc	r25, r25
    103c:	0a 94       	dec	r0
    103e:	e2 f7       	brpl	.-8      	; 0x1038 <GPIO_setupPinDirection+0x190>
    1040:	84 2b       	or	r24, r20
    1042:	8c 93       	st	X, r24
    1044:	14 c0       	rjmp	.+40     	; 0x106e <GPIO_setupPinDirection+0x1c6>
				}
				else
				{
					CLEAR_BIT(DDRD,pin_num);
    1046:	a1 e3       	ldi	r26, 0x31	; 49
    1048:	b0 e0       	ldi	r27, 0x00	; 0
    104a:	e1 e3       	ldi	r30, 0x31	; 49
    104c:	f0 e0       	ldi	r31, 0x00	; 0
    104e:	80 81       	ld	r24, Z
    1050:	48 2f       	mov	r20, r24
    1052:	8a 81       	ldd	r24, Y+2	; 0x02
    1054:	28 2f       	mov	r18, r24
    1056:	30 e0       	ldi	r19, 0x00	; 0
    1058:	81 e0       	ldi	r24, 0x01	; 1
    105a:	90 e0       	ldi	r25, 0x00	; 0
    105c:	02 2e       	mov	r0, r18
    105e:	02 c0       	rjmp	.+4      	; 0x1064 <GPIO_setupPinDirection+0x1bc>
    1060:	88 0f       	add	r24, r24
    1062:	99 1f       	adc	r25, r25
    1064:	0a 94       	dec	r0
    1066:	e2 f7       	brpl	.-8      	; 0x1060 <GPIO_setupPinDirection+0x1b8>
    1068:	80 95       	com	r24
    106a:	84 23       	and	r24, r20
    106c:	8c 93       	st	X, r24
		}


	}

}
    106e:	0f 90       	pop	r0
    1070:	0f 90       	pop	r0
    1072:	0f 90       	pop	r0
    1074:	0f 90       	pop	r0
    1076:	0f 90       	pop	r0
    1078:	cf 91       	pop	r28
    107a:	df 91       	pop	r29
    107c:	08 95       	ret

0000107e <GPIO_writePin>:
 * 							enable/disable the internal pull-up resistor
 *
 */

void GPIO_writePin(uint8 port_num, uint8 pin_num, uint8 value)
{
    107e:	df 93       	push	r29
    1080:	cf 93       	push	r28
    1082:	00 d0       	rcall	.+0      	; 0x1084 <GPIO_writePin+0x6>
    1084:	00 d0       	rcall	.+0      	; 0x1086 <GPIO_writePin+0x8>
    1086:	0f 92       	push	r0
    1088:	cd b7       	in	r28, 0x3d	; 61
    108a:	de b7       	in	r29, 0x3e	; 62
    108c:	89 83       	std	Y+1, r24	; 0x01
    108e:	6a 83       	std	Y+2, r22	; 0x02
    1090:	4b 83       	std	Y+3, r20	; 0x03
	 * Check if the input port number is greater than NUM_OF_PINS_PER_PORT value.
	 * Or if the input pin number is greater than NUM_OF_PINS_PER_PORT value.
	 * In this case the input is not valid port/pin number
	 */

	if( (port_num >= NUM_OF_PORTS) || (pin_num >= NUM_OF_PINS_PER_PORT) )
    1092:	89 81       	ldd	r24, Y+1	; 0x01
    1094:	84 30       	cpi	r24, 0x04	; 4
    1096:	08 f0       	brcs	.+2      	; 0x109a <GPIO_writePin+0x1c>
    1098:	d5 c0       	rjmp	.+426    	; 0x1244 <GPIO_writePin+0x1c6>
    109a:	8a 81       	ldd	r24, Y+2	; 0x02
    109c:	88 30       	cpi	r24, 0x08	; 8
    109e:	08 f0       	brcs	.+2      	; 0x10a2 <GPIO_writePin+0x24>
    10a0:	d1 c0       	rjmp	.+418    	; 0x1244 <GPIO_writePin+0x1c6>
	}

	/* Write on the required pin */
	else
	{
		switch(port_num)
    10a2:	89 81       	ldd	r24, Y+1	; 0x01
    10a4:	28 2f       	mov	r18, r24
    10a6:	30 e0       	ldi	r19, 0x00	; 0
    10a8:	3d 83       	std	Y+5, r19	; 0x05
    10aa:	2c 83       	std	Y+4, r18	; 0x04
    10ac:	8c 81       	ldd	r24, Y+4	; 0x04
    10ae:	9d 81       	ldd	r25, Y+5	; 0x05
    10b0:	81 30       	cpi	r24, 0x01	; 1
    10b2:	91 05       	cpc	r25, r1
    10b4:	09 f4       	brne	.+2      	; 0x10b8 <GPIO_writePin+0x3a>
    10b6:	43 c0       	rjmp	.+134    	; 0x113e <GPIO_writePin+0xc0>
    10b8:	2c 81       	ldd	r18, Y+4	; 0x04
    10ba:	3d 81       	ldd	r19, Y+5	; 0x05
    10bc:	22 30       	cpi	r18, 0x02	; 2
    10be:	31 05       	cpc	r19, r1
    10c0:	2c f4       	brge	.+10     	; 0x10cc <GPIO_writePin+0x4e>
    10c2:	8c 81       	ldd	r24, Y+4	; 0x04
    10c4:	9d 81       	ldd	r25, Y+5	; 0x05
    10c6:	00 97       	sbiw	r24, 0x00	; 0
    10c8:	71 f0       	breq	.+28     	; 0x10e6 <GPIO_writePin+0x68>
    10ca:	bc c0       	rjmp	.+376    	; 0x1244 <GPIO_writePin+0x1c6>
    10cc:	2c 81       	ldd	r18, Y+4	; 0x04
    10ce:	3d 81       	ldd	r19, Y+5	; 0x05
    10d0:	22 30       	cpi	r18, 0x02	; 2
    10d2:	31 05       	cpc	r19, r1
    10d4:	09 f4       	brne	.+2      	; 0x10d8 <GPIO_writePin+0x5a>
    10d6:	5f c0       	rjmp	.+190    	; 0x1196 <GPIO_writePin+0x118>
    10d8:	8c 81       	ldd	r24, Y+4	; 0x04
    10da:	9d 81       	ldd	r25, Y+5	; 0x05
    10dc:	83 30       	cpi	r24, 0x03	; 3
    10de:	91 05       	cpc	r25, r1
    10e0:	09 f4       	brne	.+2      	; 0x10e4 <GPIO_writePin+0x66>
    10e2:	85 c0       	rjmp	.+266    	; 0x11ee <GPIO_writePin+0x170>
    10e4:	af c0       	rjmp	.+350    	; 0x1244 <GPIO_writePin+0x1c6>
		{
			case PORTA_ID:

				if(value == LOGIC_HIGH)
    10e6:	8b 81       	ldd	r24, Y+3	; 0x03
    10e8:	81 30       	cpi	r24, 0x01	; 1
    10ea:	a1 f4       	brne	.+40     	; 0x1114 <GPIO_writePin+0x96>
				{
					SET_BIT(PORTA,pin_num);
    10ec:	ab e3       	ldi	r26, 0x3B	; 59
    10ee:	b0 e0       	ldi	r27, 0x00	; 0
    10f0:	eb e3       	ldi	r30, 0x3B	; 59
    10f2:	f0 e0       	ldi	r31, 0x00	; 0
    10f4:	80 81       	ld	r24, Z
    10f6:	48 2f       	mov	r20, r24
    10f8:	8a 81       	ldd	r24, Y+2	; 0x02
    10fa:	28 2f       	mov	r18, r24
    10fc:	30 e0       	ldi	r19, 0x00	; 0
    10fe:	81 e0       	ldi	r24, 0x01	; 1
    1100:	90 e0       	ldi	r25, 0x00	; 0
    1102:	02 2e       	mov	r0, r18
    1104:	02 c0       	rjmp	.+4      	; 0x110a <GPIO_writePin+0x8c>
    1106:	88 0f       	add	r24, r24
    1108:	99 1f       	adc	r25, r25
    110a:	0a 94       	dec	r0
    110c:	e2 f7       	brpl	.-8      	; 0x1106 <GPIO_writePin+0x88>
    110e:	84 2b       	or	r24, r20
    1110:	8c 93       	st	X, r24
    1112:	98 c0       	rjmp	.+304    	; 0x1244 <GPIO_writePin+0x1c6>
				}
				else
				{
					CLEAR_BIT(PORTA,pin_num);
    1114:	ab e3       	ldi	r26, 0x3B	; 59
    1116:	b0 e0       	ldi	r27, 0x00	; 0
    1118:	eb e3       	ldi	r30, 0x3B	; 59
    111a:	f0 e0       	ldi	r31, 0x00	; 0
    111c:	80 81       	ld	r24, Z
    111e:	48 2f       	mov	r20, r24
    1120:	8a 81       	ldd	r24, Y+2	; 0x02
    1122:	28 2f       	mov	r18, r24
    1124:	30 e0       	ldi	r19, 0x00	; 0
    1126:	81 e0       	ldi	r24, 0x01	; 1
    1128:	90 e0       	ldi	r25, 0x00	; 0
    112a:	02 2e       	mov	r0, r18
    112c:	02 c0       	rjmp	.+4      	; 0x1132 <GPIO_writePin+0xb4>
    112e:	88 0f       	add	r24, r24
    1130:	99 1f       	adc	r25, r25
    1132:	0a 94       	dec	r0
    1134:	e2 f7       	brpl	.-8      	; 0x112e <GPIO_writePin+0xb0>
    1136:	80 95       	com	r24
    1138:	84 23       	and	r24, r20
    113a:	8c 93       	st	X, r24
    113c:	83 c0       	rjmp	.+262    	; 0x1244 <GPIO_writePin+0x1c6>
				}
				break;

			case PORTB_ID:

				if(value == LOGIC_HIGH)
    113e:	8b 81       	ldd	r24, Y+3	; 0x03
    1140:	81 30       	cpi	r24, 0x01	; 1
    1142:	a1 f4       	brne	.+40     	; 0x116c <GPIO_writePin+0xee>
				{
					SET_BIT(PORTB,pin_num);
    1144:	a8 e3       	ldi	r26, 0x38	; 56
    1146:	b0 e0       	ldi	r27, 0x00	; 0
    1148:	e8 e3       	ldi	r30, 0x38	; 56
    114a:	f0 e0       	ldi	r31, 0x00	; 0
    114c:	80 81       	ld	r24, Z
    114e:	48 2f       	mov	r20, r24
    1150:	8a 81       	ldd	r24, Y+2	; 0x02
    1152:	28 2f       	mov	r18, r24
    1154:	30 e0       	ldi	r19, 0x00	; 0
    1156:	81 e0       	ldi	r24, 0x01	; 1
    1158:	90 e0       	ldi	r25, 0x00	; 0
    115a:	02 2e       	mov	r0, r18
    115c:	02 c0       	rjmp	.+4      	; 0x1162 <GPIO_writePin+0xe4>
    115e:	88 0f       	add	r24, r24
    1160:	99 1f       	adc	r25, r25
    1162:	0a 94       	dec	r0
    1164:	e2 f7       	brpl	.-8      	; 0x115e <GPIO_writePin+0xe0>
    1166:	84 2b       	or	r24, r20
    1168:	8c 93       	st	X, r24
    116a:	6c c0       	rjmp	.+216    	; 0x1244 <GPIO_writePin+0x1c6>
				}
				else
				{
					CLEAR_BIT(PORTB,pin_num);
    116c:	a8 e3       	ldi	r26, 0x38	; 56
    116e:	b0 e0       	ldi	r27, 0x00	; 0
    1170:	e8 e3       	ldi	r30, 0x38	; 56
    1172:	f0 e0       	ldi	r31, 0x00	; 0
    1174:	80 81       	ld	r24, Z
    1176:	48 2f       	mov	r20, r24
    1178:	8a 81       	ldd	r24, Y+2	; 0x02
    117a:	28 2f       	mov	r18, r24
    117c:	30 e0       	ldi	r19, 0x00	; 0
    117e:	81 e0       	ldi	r24, 0x01	; 1
    1180:	90 e0       	ldi	r25, 0x00	; 0
    1182:	02 2e       	mov	r0, r18
    1184:	02 c0       	rjmp	.+4      	; 0x118a <GPIO_writePin+0x10c>
    1186:	88 0f       	add	r24, r24
    1188:	99 1f       	adc	r25, r25
    118a:	0a 94       	dec	r0
    118c:	e2 f7       	brpl	.-8      	; 0x1186 <GPIO_writePin+0x108>
    118e:	80 95       	com	r24
    1190:	84 23       	and	r24, r20
    1192:	8c 93       	st	X, r24
    1194:	57 c0       	rjmp	.+174    	; 0x1244 <GPIO_writePin+0x1c6>
				}
				break;

			case PORTC_ID:

				if(value == LOGIC_HIGH)
    1196:	8b 81       	ldd	r24, Y+3	; 0x03
    1198:	81 30       	cpi	r24, 0x01	; 1
    119a:	a1 f4       	brne	.+40     	; 0x11c4 <GPIO_writePin+0x146>
				{
					SET_BIT(PORTC,pin_num);
    119c:	a5 e3       	ldi	r26, 0x35	; 53
    119e:	b0 e0       	ldi	r27, 0x00	; 0
    11a0:	e5 e3       	ldi	r30, 0x35	; 53
    11a2:	f0 e0       	ldi	r31, 0x00	; 0
    11a4:	80 81       	ld	r24, Z
    11a6:	48 2f       	mov	r20, r24
    11a8:	8a 81       	ldd	r24, Y+2	; 0x02
    11aa:	28 2f       	mov	r18, r24
    11ac:	30 e0       	ldi	r19, 0x00	; 0
    11ae:	81 e0       	ldi	r24, 0x01	; 1
    11b0:	90 e0       	ldi	r25, 0x00	; 0
    11b2:	02 2e       	mov	r0, r18
    11b4:	02 c0       	rjmp	.+4      	; 0x11ba <GPIO_writePin+0x13c>
    11b6:	88 0f       	add	r24, r24
    11b8:	99 1f       	adc	r25, r25
    11ba:	0a 94       	dec	r0
    11bc:	e2 f7       	brpl	.-8      	; 0x11b6 <GPIO_writePin+0x138>
    11be:	84 2b       	or	r24, r20
    11c0:	8c 93       	st	X, r24
    11c2:	40 c0       	rjmp	.+128    	; 0x1244 <GPIO_writePin+0x1c6>
				}
				else
				{
					CLEAR_BIT(PORTC,pin_num);
    11c4:	a5 e3       	ldi	r26, 0x35	; 53
    11c6:	b0 e0       	ldi	r27, 0x00	; 0
    11c8:	e5 e3       	ldi	r30, 0x35	; 53
    11ca:	f0 e0       	ldi	r31, 0x00	; 0
    11cc:	80 81       	ld	r24, Z
    11ce:	48 2f       	mov	r20, r24
    11d0:	8a 81       	ldd	r24, Y+2	; 0x02
    11d2:	28 2f       	mov	r18, r24
    11d4:	30 e0       	ldi	r19, 0x00	; 0
    11d6:	81 e0       	ldi	r24, 0x01	; 1
    11d8:	90 e0       	ldi	r25, 0x00	; 0
    11da:	02 2e       	mov	r0, r18
    11dc:	02 c0       	rjmp	.+4      	; 0x11e2 <GPIO_writePin+0x164>
    11de:	88 0f       	add	r24, r24
    11e0:	99 1f       	adc	r25, r25
    11e2:	0a 94       	dec	r0
    11e4:	e2 f7       	brpl	.-8      	; 0x11de <GPIO_writePin+0x160>
    11e6:	80 95       	com	r24
    11e8:	84 23       	and	r24, r20
    11ea:	8c 93       	st	X, r24
    11ec:	2b c0       	rjmp	.+86     	; 0x1244 <GPIO_writePin+0x1c6>
				}
				break;

			case PORTD_ID:

				if(value == LOGIC_HIGH)
    11ee:	8b 81       	ldd	r24, Y+3	; 0x03
    11f0:	81 30       	cpi	r24, 0x01	; 1
    11f2:	a1 f4       	brne	.+40     	; 0x121c <GPIO_writePin+0x19e>
				{
					SET_BIT(PORTD,pin_num);
    11f4:	a2 e3       	ldi	r26, 0x32	; 50
    11f6:	b0 e0       	ldi	r27, 0x00	; 0
    11f8:	e2 e3       	ldi	r30, 0x32	; 50
    11fa:	f0 e0       	ldi	r31, 0x00	; 0
    11fc:	80 81       	ld	r24, Z
    11fe:	48 2f       	mov	r20, r24
    1200:	8a 81       	ldd	r24, Y+2	; 0x02
    1202:	28 2f       	mov	r18, r24
    1204:	30 e0       	ldi	r19, 0x00	; 0
    1206:	81 e0       	ldi	r24, 0x01	; 1
    1208:	90 e0       	ldi	r25, 0x00	; 0
    120a:	02 2e       	mov	r0, r18
    120c:	02 c0       	rjmp	.+4      	; 0x1212 <GPIO_writePin+0x194>
    120e:	88 0f       	add	r24, r24
    1210:	99 1f       	adc	r25, r25
    1212:	0a 94       	dec	r0
    1214:	e2 f7       	brpl	.-8      	; 0x120e <GPIO_writePin+0x190>
    1216:	84 2b       	or	r24, r20
    1218:	8c 93       	st	X, r24
    121a:	14 c0       	rjmp	.+40     	; 0x1244 <GPIO_writePin+0x1c6>

				}
				else
				{
					CLEAR_BIT(PORTD,pin_num);
    121c:	a2 e3       	ldi	r26, 0x32	; 50
    121e:	b0 e0       	ldi	r27, 0x00	; 0
    1220:	e2 e3       	ldi	r30, 0x32	; 50
    1222:	f0 e0       	ldi	r31, 0x00	; 0
    1224:	80 81       	ld	r24, Z
    1226:	48 2f       	mov	r20, r24
    1228:	8a 81       	ldd	r24, Y+2	; 0x02
    122a:	28 2f       	mov	r18, r24
    122c:	30 e0       	ldi	r19, 0x00	; 0
    122e:	81 e0       	ldi	r24, 0x01	; 1
    1230:	90 e0       	ldi	r25, 0x00	; 0
    1232:	02 2e       	mov	r0, r18
    1234:	02 c0       	rjmp	.+4      	; 0x123a <GPIO_writePin+0x1bc>
    1236:	88 0f       	add	r24, r24
    1238:	99 1f       	adc	r25, r25
    123a:	0a 94       	dec	r0
    123c:	e2 f7       	brpl	.-8      	; 0x1236 <GPIO_writePin+0x1b8>
    123e:	80 95       	com	r24
    1240:	84 23       	and	r24, r20
    1242:	8c 93       	st	X, r24
				}
				break;
		}

	}
}
    1244:	0f 90       	pop	r0
    1246:	0f 90       	pop	r0
    1248:	0f 90       	pop	r0
    124a:	0f 90       	pop	r0
    124c:	0f 90       	pop	r0
    124e:	cf 91       	pop	r28
    1250:	df 91       	pop	r29
    1252:	08 95       	ret

00001254 <GPIO_readPin>:
 * 								if the input port number or pin number are not correct, the function will
 * 								return LOGIC_LOW
 */

uint8 GPIO_readPin(uint8 port_num, uint8 pin_num)
{
    1254:	df 93       	push	r29
    1256:	cf 93       	push	r28
    1258:	00 d0       	rcall	.+0      	; 0x125a <GPIO_readPin+0x6>
    125a:	00 d0       	rcall	.+0      	; 0x125c <GPIO_readPin+0x8>
    125c:	0f 92       	push	r0
    125e:	cd b7       	in	r28, 0x3d	; 61
    1260:	de b7       	in	r29, 0x3e	; 62
    1262:	8a 83       	std	Y+2, r24	; 0x02
    1264:	6b 83       	std	Y+3, r22	; 0x03

	/* variable to hold the read value of the required pin */
	uint8 read_pin = LOGIC_LOW;
    1266:	19 82       	std	Y+1, r1	; 0x01
	 * Check if the input port number is greater than NUM_OF_PINS_PER_PORT value.
	 * Or if the input pin number is greater than NUM_OF_PINS_PER_PORT value.
	 * In this case the input is not valid port/pin number
	 */

	if( (port_num >= NUM_OF_PORTS) || (pin_num >= NUM_OF_PINS_PER_PORT) )
    1268:	8a 81       	ldd	r24, Y+2	; 0x02
    126a:	84 30       	cpi	r24, 0x04	; 4
    126c:	18 f4       	brcc	.+6      	; 0x1274 <GPIO_readPin+0x20>
    126e:	8b 81       	ldd	r24, Y+3	; 0x03
    1270:	88 30       	cpi	r24, 0x08	; 8
    1272:	10 f0       	brcs	.+4      	; 0x1278 <GPIO_readPin+0x24>
	{
		read_pin = LOGIC_LOW;
    1274:	19 82       	std	Y+1, r1	; 0x01
    1276:	80 c0       	rjmp	.+256    	; 0x1378 <GPIO_readPin+0x124>
	}

	else
	{
		/* read from the required pin number */
		switch(port_num)
    1278:	8a 81       	ldd	r24, Y+2	; 0x02
    127a:	28 2f       	mov	r18, r24
    127c:	30 e0       	ldi	r19, 0x00	; 0
    127e:	3d 83       	std	Y+5, r19	; 0x05
    1280:	2c 83       	std	Y+4, r18	; 0x04
    1282:	4c 81       	ldd	r20, Y+4	; 0x04
    1284:	5d 81       	ldd	r21, Y+5	; 0x05
    1286:	41 30       	cpi	r20, 0x01	; 1
    1288:	51 05       	cpc	r21, r1
    128a:	79 f1       	breq	.+94     	; 0x12ea <GPIO_readPin+0x96>
    128c:	8c 81       	ldd	r24, Y+4	; 0x04
    128e:	9d 81       	ldd	r25, Y+5	; 0x05
    1290:	82 30       	cpi	r24, 0x02	; 2
    1292:	91 05       	cpc	r25, r1
    1294:	34 f4       	brge	.+12     	; 0x12a2 <GPIO_readPin+0x4e>
    1296:	2c 81       	ldd	r18, Y+4	; 0x04
    1298:	3d 81       	ldd	r19, Y+5	; 0x05
    129a:	21 15       	cp	r18, r1
    129c:	31 05       	cpc	r19, r1
    129e:	69 f0       	breq	.+26     	; 0x12ba <GPIO_readPin+0x66>
    12a0:	6b c0       	rjmp	.+214    	; 0x1378 <GPIO_readPin+0x124>
    12a2:	4c 81       	ldd	r20, Y+4	; 0x04
    12a4:	5d 81       	ldd	r21, Y+5	; 0x05
    12a6:	42 30       	cpi	r20, 0x02	; 2
    12a8:	51 05       	cpc	r21, r1
    12aa:	b9 f1       	breq	.+110    	; 0x131a <GPIO_readPin+0xc6>
    12ac:	8c 81       	ldd	r24, Y+4	; 0x04
    12ae:	9d 81       	ldd	r25, Y+5	; 0x05
    12b0:	83 30       	cpi	r24, 0x03	; 3
    12b2:	91 05       	cpc	r25, r1
    12b4:	09 f4       	brne	.+2      	; 0x12b8 <GPIO_readPin+0x64>
    12b6:	49 c0       	rjmp	.+146    	; 0x134a <GPIO_readPin+0xf6>
    12b8:	5f c0       	rjmp	.+190    	; 0x1378 <GPIO_readPin+0x124>
		{
			case PORTA_ID:

				if(BIT_IS_SET(PINA,pin_num))
    12ba:	e9 e3       	ldi	r30, 0x39	; 57
    12bc:	f0 e0       	ldi	r31, 0x00	; 0
    12be:	80 81       	ld	r24, Z
    12c0:	28 2f       	mov	r18, r24
    12c2:	30 e0       	ldi	r19, 0x00	; 0
    12c4:	8b 81       	ldd	r24, Y+3	; 0x03
    12c6:	88 2f       	mov	r24, r24
    12c8:	90 e0       	ldi	r25, 0x00	; 0
    12ca:	a9 01       	movw	r20, r18
    12cc:	02 c0       	rjmp	.+4      	; 0x12d2 <GPIO_readPin+0x7e>
    12ce:	55 95       	asr	r21
    12d0:	47 95       	ror	r20
    12d2:	8a 95       	dec	r24
    12d4:	e2 f7       	brpl	.-8      	; 0x12ce <GPIO_readPin+0x7a>
    12d6:	ca 01       	movw	r24, r20
    12d8:	81 70       	andi	r24, 0x01	; 1
    12da:	90 70       	andi	r25, 0x00	; 0
    12dc:	88 23       	and	r24, r24
    12de:	19 f0       	breq	.+6      	; 0x12e6 <GPIO_readPin+0x92>
				{
					read_pin = LOGIC_HIGH;
    12e0:	81 e0       	ldi	r24, 0x01	; 1
    12e2:	89 83       	std	Y+1, r24	; 0x01
    12e4:	49 c0       	rjmp	.+146    	; 0x1378 <GPIO_readPin+0x124>
				}

				else
				{
					read_pin = LOGIC_LOW;
    12e6:	19 82       	std	Y+1, r1	; 0x01
    12e8:	47 c0       	rjmp	.+142    	; 0x1378 <GPIO_readPin+0x124>
				}
				break;

			case PORTB_ID:

				if(BIT_IS_SET(PINB,pin_num))
    12ea:	e6 e3       	ldi	r30, 0x36	; 54
    12ec:	f0 e0       	ldi	r31, 0x00	; 0
    12ee:	80 81       	ld	r24, Z
    12f0:	28 2f       	mov	r18, r24
    12f2:	30 e0       	ldi	r19, 0x00	; 0
    12f4:	8b 81       	ldd	r24, Y+3	; 0x03
    12f6:	88 2f       	mov	r24, r24
    12f8:	90 e0       	ldi	r25, 0x00	; 0
    12fa:	a9 01       	movw	r20, r18
    12fc:	02 c0       	rjmp	.+4      	; 0x1302 <GPIO_readPin+0xae>
    12fe:	55 95       	asr	r21
    1300:	47 95       	ror	r20
    1302:	8a 95       	dec	r24
    1304:	e2 f7       	brpl	.-8      	; 0x12fe <GPIO_readPin+0xaa>
    1306:	ca 01       	movw	r24, r20
    1308:	81 70       	andi	r24, 0x01	; 1
    130a:	90 70       	andi	r25, 0x00	; 0
    130c:	88 23       	and	r24, r24
    130e:	19 f0       	breq	.+6      	; 0x1316 <GPIO_readPin+0xc2>
				{
					read_pin = LOGIC_HIGH;
    1310:	81 e0       	ldi	r24, 0x01	; 1
    1312:	89 83       	std	Y+1, r24	; 0x01
    1314:	31 c0       	rjmp	.+98     	; 0x1378 <GPIO_readPin+0x124>
				}

				else
				{
					read_pin = LOGIC_LOW;
    1316:	19 82       	std	Y+1, r1	; 0x01
    1318:	2f c0       	rjmp	.+94     	; 0x1378 <GPIO_readPin+0x124>
				}
				break;

			case PORTC_ID:

				if(BIT_IS_SET(PINC,pin_num))
    131a:	e3 e3       	ldi	r30, 0x33	; 51
    131c:	f0 e0       	ldi	r31, 0x00	; 0
    131e:	80 81       	ld	r24, Z
    1320:	28 2f       	mov	r18, r24
    1322:	30 e0       	ldi	r19, 0x00	; 0
    1324:	8b 81       	ldd	r24, Y+3	; 0x03
    1326:	88 2f       	mov	r24, r24
    1328:	90 e0       	ldi	r25, 0x00	; 0
    132a:	a9 01       	movw	r20, r18
    132c:	02 c0       	rjmp	.+4      	; 0x1332 <GPIO_readPin+0xde>
    132e:	55 95       	asr	r21
    1330:	47 95       	ror	r20
    1332:	8a 95       	dec	r24
    1334:	e2 f7       	brpl	.-8      	; 0x132e <GPIO_readPin+0xda>
    1336:	ca 01       	movw	r24, r20
    1338:	81 70       	andi	r24, 0x01	; 1
    133a:	90 70       	andi	r25, 0x00	; 0
    133c:	88 23       	and	r24, r24
    133e:	19 f0       	breq	.+6      	; 0x1346 <GPIO_readPin+0xf2>
				{
					read_pin = LOGIC_HIGH;
    1340:	81 e0       	ldi	r24, 0x01	; 1
    1342:	89 83       	std	Y+1, r24	; 0x01
    1344:	19 c0       	rjmp	.+50     	; 0x1378 <GPIO_readPin+0x124>
				}

				else
				{
					read_pin = LOGIC_LOW;
    1346:	19 82       	std	Y+1, r1	; 0x01
    1348:	17 c0       	rjmp	.+46     	; 0x1378 <GPIO_readPin+0x124>
				}
				break;

			case PORTD_ID:

				if(BIT_IS_SET(PIND,pin_num))
    134a:	e0 e3       	ldi	r30, 0x30	; 48
    134c:	f0 e0       	ldi	r31, 0x00	; 0
    134e:	80 81       	ld	r24, Z
    1350:	28 2f       	mov	r18, r24
    1352:	30 e0       	ldi	r19, 0x00	; 0
    1354:	8b 81       	ldd	r24, Y+3	; 0x03
    1356:	88 2f       	mov	r24, r24
    1358:	90 e0       	ldi	r25, 0x00	; 0
    135a:	a9 01       	movw	r20, r18
    135c:	02 c0       	rjmp	.+4      	; 0x1362 <GPIO_readPin+0x10e>
    135e:	55 95       	asr	r21
    1360:	47 95       	ror	r20
    1362:	8a 95       	dec	r24
    1364:	e2 f7       	brpl	.-8      	; 0x135e <GPIO_readPin+0x10a>
    1366:	ca 01       	movw	r24, r20
    1368:	81 70       	andi	r24, 0x01	; 1
    136a:	90 70       	andi	r25, 0x00	; 0
    136c:	88 23       	and	r24, r24
    136e:	19 f0       	breq	.+6      	; 0x1376 <GPIO_readPin+0x122>
				{
					read_pin = LOGIC_HIGH;
    1370:	81 e0       	ldi	r24, 0x01	; 1
    1372:	89 83       	std	Y+1, r24	; 0x01
    1374:	01 c0       	rjmp	.+2      	; 0x1378 <GPIO_readPin+0x124>
				}

				else
				{
					read_pin = LOGIC_LOW;
    1376:	19 82       	std	Y+1, r1	; 0x01
		}
	}


	/* return the value of pin*/
	return read_pin;
    1378:	89 81       	ldd	r24, Y+1	; 0x01

}
    137a:	0f 90       	pop	r0
    137c:	0f 90       	pop	r0
    137e:	0f 90       	pop	r0
    1380:	0f 90       	pop	r0
    1382:	0f 90       	pop	r0
    1384:	cf 91       	pop	r28
    1386:	df 91       	pop	r29
    1388:	08 95       	ret

0000138a <GPIO_setupPortDirection>:
 * 							if the input port number not correct the function will not
 * 							handle the request
 */

void GPIO_setupPortDirection(uint8 port_num, GPIO_PortDirectionType direction)
{
    138a:	df 93       	push	r29
    138c:	cf 93       	push	r28
    138e:	00 d0       	rcall	.+0      	; 0x1390 <GPIO_setupPortDirection+0x6>
    1390:	00 d0       	rcall	.+0      	; 0x1392 <GPIO_setupPortDirection+0x8>
    1392:	cd b7       	in	r28, 0x3d	; 61
    1394:	de b7       	in	r29, 0x3e	; 62
    1396:	89 83       	std	Y+1, r24	; 0x01
    1398:	6a 83       	std	Y+2, r22	; 0x02
	/*
	 * Check if the input port number is greater than NUM_OF_PINS_PER_PORT value.
	 * In this case the input is not valid port number
	 */

	if(port_num >= NUM_OF_PORTS)
    139a:	89 81       	ldd	r24, Y+1	; 0x01
    139c:	84 30       	cpi	r24, 0x04	; 4
    139e:	90 f5       	brcc	.+100    	; 0x1404 <GPIO_setupPortDirection+0x7a>
	}

	/* setup PORT direction */
	else
	{
		switch(port_num)
    13a0:	89 81       	ldd	r24, Y+1	; 0x01
    13a2:	28 2f       	mov	r18, r24
    13a4:	30 e0       	ldi	r19, 0x00	; 0
    13a6:	3c 83       	std	Y+4, r19	; 0x04
    13a8:	2b 83       	std	Y+3, r18	; 0x03
    13aa:	8b 81       	ldd	r24, Y+3	; 0x03
    13ac:	9c 81       	ldd	r25, Y+4	; 0x04
    13ae:	81 30       	cpi	r24, 0x01	; 1
    13b0:	91 05       	cpc	r25, r1
    13b2:	d1 f0       	breq	.+52     	; 0x13e8 <GPIO_setupPortDirection+0x5e>
    13b4:	2b 81       	ldd	r18, Y+3	; 0x03
    13b6:	3c 81       	ldd	r19, Y+4	; 0x04
    13b8:	22 30       	cpi	r18, 0x02	; 2
    13ba:	31 05       	cpc	r19, r1
    13bc:	2c f4       	brge	.+10     	; 0x13c8 <GPIO_setupPortDirection+0x3e>
    13be:	8b 81       	ldd	r24, Y+3	; 0x03
    13c0:	9c 81       	ldd	r25, Y+4	; 0x04
    13c2:	00 97       	sbiw	r24, 0x00	; 0
    13c4:	61 f0       	breq	.+24     	; 0x13de <GPIO_setupPortDirection+0x54>
    13c6:	1e c0       	rjmp	.+60     	; 0x1404 <GPIO_setupPortDirection+0x7a>
    13c8:	2b 81       	ldd	r18, Y+3	; 0x03
    13ca:	3c 81       	ldd	r19, Y+4	; 0x04
    13cc:	22 30       	cpi	r18, 0x02	; 2
    13ce:	31 05       	cpc	r19, r1
    13d0:	81 f0       	breq	.+32     	; 0x13f2 <GPIO_setupPortDirection+0x68>
    13d2:	8b 81       	ldd	r24, Y+3	; 0x03
    13d4:	9c 81       	ldd	r25, Y+4	; 0x04
    13d6:	83 30       	cpi	r24, 0x03	; 3
    13d8:	91 05       	cpc	r25, r1
    13da:	81 f0       	breq	.+32     	; 0x13fc <GPIO_setupPortDirection+0x72>
    13dc:	13 c0       	rjmp	.+38     	; 0x1404 <GPIO_setupPortDirection+0x7a>
		{
			case PORTA_ID:

				DDRA = direction;
    13de:	ea e3       	ldi	r30, 0x3A	; 58
    13e0:	f0 e0       	ldi	r31, 0x00	; 0
    13e2:	8a 81       	ldd	r24, Y+2	; 0x02
    13e4:	80 83       	st	Z, r24
    13e6:	0e c0       	rjmp	.+28     	; 0x1404 <GPIO_setupPortDirection+0x7a>
				break;

			case PORTB_ID:

				DDRB = direction;
    13e8:	e7 e3       	ldi	r30, 0x37	; 55
    13ea:	f0 e0       	ldi	r31, 0x00	; 0
    13ec:	8a 81       	ldd	r24, Y+2	; 0x02
    13ee:	80 83       	st	Z, r24
    13f0:	09 c0       	rjmp	.+18     	; 0x1404 <GPIO_setupPortDirection+0x7a>
				break;

			case PORTC_ID:

				DDRC = direction;
    13f2:	e4 e3       	ldi	r30, 0x34	; 52
    13f4:	f0 e0       	ldi	r31, 0x00	; 0
    13f6:	8a 81       	ldd	r24, Y+2	; 0x02
    13f8:	80 83       	st	Z, r24
    13fa:	04 c0       	rjmp	.+8      	; 0x1404 <GPIO_setupPortDirection+0x7a>
				break;

			case PORTD_ID:

				DDRD = direction;
    13fc:	e1 e3       	ldi	r30, 0x31	; 49
    13fe:	f0 e0       	ldi	r31, 0x00	; 0
    1400:	8a 81       	ldd	r24, Y+2	; 0x02
    1402:	80 83       	st	Z, r24
				break;
		}
	}

}
    1404:	0f 90       	pop	r0
    1406:	0f 90       	pop	r0
    1408:	0f 90       	pop	r0
    140a:	0f 90       	pop	r0
    140c:	cf 91       	pop	r28
    140e:	df 91       	pop	r29
    1410:	08 95       	ret

00001412 <GPIO_writePort>:
 * 							pull-up resistor.
 * 						:	if the input port number is not correct, the function will not handle request.
 */

void GPIO_writePort(uint8 port_num, uint8 value)
{
    1412:	df 93       	push	r29
    1414:	cf 93       	push	r28
    1416:	00 d0       	rcall	.+0      	; 0x1418 <GPIO_writePort+0x6>
    1418:	00 d0       	rcall	.+0      	; 0x141a <GPIO_writePort+0x8>
    141a:	cd b7       	in	r28, 0x3d	; 61
    141c:	de b7       	in	r29, 0x3e	; 62
    141e:	89 83       	std	Y+1, r24	; 0x01
    1420:	6a 83       	std	Y+2, r22	; 0x02
	/*
	 * Check if the input port number is greater than NUM_OF_PINS_PER_PORT value.
	 * In this case the input is not valid port number
	 */

	if(port_num >= NUM_OF_PORTS)
    1422:	89 81       	ldd	r24, Y+1	; 0x01
    1424:	84 30       	cpi	r24, 0x04	; 4
    1426:	90 f5       	brcc	.+100    	; 0x148c <GPIO_writePort+0x7a>


	else
	{
		/* write on the required port */
		switch(port_num)
    1428:	89 81       	ldd	r24, Y+1	; 0x01
    142a:	28 2f       	mov	r18, r24
    142c:	30 e0       	ldi	r19, 0x00	; 0
    142e:	3c 83       	std	Y+4, r19	; 0x04
    1430:	2b 83       	std	Y+3, r18	; 0x03
    1432:	8b 81       	ldd	r24, Y+3	; 0x03
    1434:	9c 81       	ldd	r25, Y+4	; 0x04
    1436:	81 30       	cpi	r24, 0x01	; 1
    1438:	91 05       	cpc	r25, r1
    143a:	d1 f0       	breq	.+52     	; 0x1470 <GPIO_writePort+0x5e>
    143c:	2b 81       	ldd	r18, Y+3	; 0x03
    143e:	3c 81       	ldd	r19, Y+4	; 0x04
    1440:	22 30       	cpi	r18, 0x02	; 2
    1442:	31 05       	cpc	r19, r1
    1444:	2c f4       	brge	.+10     	; 0x1450 <GPIO_writePort+0x3e>
    1446:	8b 81       	ldd	r24, Y+3	; 0x03
    1448:	9c 81       	ldd	r25, Y+4	; 0x04
    144a:	00 97       	sbiw	r24, 0x00	; 0
    144c:	61 f0       	breq	.+24     	; 0x1466 <GPIO_writePort+0x54>
    144e:	1e c0       	rjmp	.+60     	; 0x148c <GPIO_writePort+0x7a>
    1450:	2b 81       	ldd	r18, Y+3	; 0x03
    1452:	3c 81       	ldd	r19, Y+4	; 0x04
    1454:	22 30       	cpi	r18, 0x02	; 2
    1456:	31 05       	cpc	r19, r1
    1458:	81 f0       	breq	.+32     	; 0x147a <GPIO_writePort+0x68>
    145a:	8b 81       	ldd	r24, Y+3	; 0x03
    145c:	9c 81       	ldd	r25, Y+4	; 0x04
    145e:	83 30       	cpi	r24, 0x03	; 3
    1460:	91 05       	cpc	r25, r1
    1462:	81 f0       	breq	.+32     	; 0x1484 <GPIO_writePort+0x72>
    1464:	13 c0       	rjmp	.+38     	; 0x148c <GPIO_writePort+0x7a>
		{
			case PORTA_ID:

				PORTA = value;
    1466:	eb e3       	ldi	r30, 0x3B	; 59
    1468:	f0 e0       	ldi	r31, 0x00	; 0
    146a:	8a 81       	ldd	r24, Y+2	; 0x02
    146c:	80 83       	st	Z, r24
    146e:	0e c0       	rjmp	.+28     	; 0x148c <GPIO_writePort+0x7a>
				break;

			case PORTB_ID:

				PORTB = value;
    1470:	e8 e3       	ldi	r30, 0x38	; 56
    1472:	f0 e0       	ldi	r31, 0x00	; 0
    1474:	8a 81       	ldd	r24, Y+2	; 0x02
    1476:	80 83       	st	Z, r24
    1478:	09 c0       	rjmp	.+18     	; 0x148c <GPIO_writePort+0x7a>
				break;

			case PORTC_ID:

				PORTC = value;
    147a:	e5 e3       	ldi	r30, 0x35	; 53
    147c:	f0 e0       	ldi	r31, 0x00	; 0
    147e:	8a 81       	ldd	r24, Y+2	; 0x02
    1480:	80 83       	st	Z, r24
    1482:	04 c0       	rjmp	.+8      	; 0x148c <GPIO_writePort+0x7a>
				break;

			case PORTD_ID:

				PORTD = value;
    1484:	e2 e3       	ldi	r30, 0x32	; 50
    1486:	f0 e0       	ldi	r31, 0x00	; 0
    1488:	8a 81       	ldd	r24, Y+2	; 0x02
    148a:	80 83       	st	Z, r24
				break;
		}
	}

}
    148c:	0f 90       	pop	r0
    148e:	0f 90       	pop	r0
    1490:	0f 90       	pop	r0
    1492:	0f 90       	pop	r0
    1494:	cf 91       	pop	r28
    1496:	df 91       	pop	r29
    1498:	08 95       	ret

0000149a <GPIO_readPort>:
 * 								if the input port number not correct, the function will
 * 								return LOGIC_LOW
 */

uint8 GPIO_readPort(uint8 port_num)
{
    149a:	df 93       	push	r29
    149c:	cf 93       	push	r28
    149e:	00 d0       	rcall	.+0      	; 0x14a0 <GPIO_readPort+0x6>
    14a0:	00 d0       	rcall	.+0      	; 0x14a2 <GPIO_readPort+0x8>
    14a2:	cd b7       	in	r28, 0x3d	; 61
    14a4:	de b7       	in	r29, 0x3e	; 62
    14a6:	8a 83       	std	Y+2, r24	; 0x02

	/* Variable to hold the value of the required port */
	uint8 read_port = LOGIC_LOW;
    14a8:	19 82       	std	Y+1, r1	; 0x01
	/*
	 * Check if the input port number is greater than NUM_OF_PINS_PER_PORT value.
	 * In this case the input is not valid port/pin number
	 */

	if(port_num >= NUM_OF_PORTS)
    14aa:	8a 81       	ldd	r24, Y+2	; 0x02
    14ac:	84 30       	cpi	r24, 0x04	; 4
    14ae:	10 f0       	brcs	.+4      	; 0x14b4 <GPIO_readPort+0x1a>
	{
		read_port = LOGIC_LOW;
    14b0:	19 82       	std	Y+1, r1	; 0x01
    14b2:	46 c0       	rjmp	.+140    	; 0x1540 <GPIO_readPort+0xa6>

	else
	{

		/* read the port value */
		switch(port_num)
    14b4:	8a 81       	ldd	r24, Y+2	; 0x02
    14b6:	28 2f       	mov	r18, r24
    14b8:	30 e0       	ldi	r19, 0x00	; 0
    14ba:	3c 83       	std	Y+4, r19	; 0x04
    14bc:	2b 83       	std	Y+3, r18	; 0x03
    14be:	8b 81       	ldd	r24, Y+3	; 0x03
    14c0:	9c 81       	ldd	r25, Y+4	; 0x04
    14c2:	81 30       	cpi	r24, 0x01	; 1
    14c4:	91 05       	cpc	r25, r1
    14c6:	f9 f0       	breq	.+62     	; 0x1506 <GPIO_readPort+0x6c>
    14c8:	2b 81       	ldd	r18, Y+3	; 0x03
    14ca:	3c 81       	ldd	r19, Y+4	; 0x04
    14cc:	22 30       	cpi	r18, 0x02	; 2
    14ce:	31 05       	cpc	r19, r1
    14d0:	2c f4       	brge	.+10     	; 0x14dc <GPIO_readPort+0x42>
    14d2:	8b 81       	ldd	r24, Y+3	; 0x03
    14d4:	9c 81       	ldd	r25, Y+4	; 0x04
    14d6:	00 97       	sbiw	r24, 0x00	; 0
    14d8:	61 f0       	breq	.+24     	; 0x14f2 <GPIO_readPort+0x58>
    14da:	32 c0       	rjmp	.+100    	; 0x1540 <GPIO_readPort+0xa6>
    14dc:	2b 81       	ldd	r18, Y+3	; 0x03
    14de:	3c 81       	ldd	r19, Y+4	; 0x04
    14e0:	22 30       	cpi	r18, 0x02	; 2
    14e2:	31 05       	cpc	r19, r1
    14e4:	d1 f0       	breq	.+52     	; 0x151a <GPIO_readPort+0x80>
    14e6:	8b 81       	ldd	r24, Y+3	; 0x03
    14e8:	9c 81       	ldd	r25, Y+4	; 0x04
    14ea:	83 30       	cpi	r24, 0x03	; 3
    14ec:	91 05       	cpc	r25, r1
    14ee:	f9 f0       	breq	.+62     	; 0x152e <GPIO_readPort+0x94>
    14f0:	27 c0       	rjmp	.+78     	; 0x1540 <GPIO_readPort+0xa6>
		{
			case PORTA_ID:

				if(PINA == LOGIC_HIGH)
    14f2:	e9 e3       	ldi	r30, 0x39	; 57
    14f4:	f0 e0       	ldi	r31, 0x00	; 0
    14f6:	80 81       	ld	r24, Z
    14f8:	81 30       	cpi	r24, 0x01	; 1
    14fa:	19 f4       	brne	.+6      	; 0x1502 <GPIO_readPort+0x68>
				{
					read_port = LOGIC_HIGH;
    14fc:	81 e0       	ldi	r24, 0x01	; 1
    14fe:	89 83       	std	Y+1, r24	; 0x01
    1500:	1f c0       	rjmp	.+62     	; 0x1540 <GPIO_readPort+0xa6>
				}
				else
				{
					read_port = LOGIC_LOW;
    1502:	19 82       	std	Y+1, r1	; 0x01
    1504:	1d c0       	rjmp	.+58     	; 0x1540 <GPIO_readPort+0xa6>
				}
				break;

			case PORTB_ID:

				if(PINB == LOGIC_HIGH)
    1506:	e6 e3       	ldi	r30, 0x36	; 54
    1508:	f0 e0       	ldi	r31, 0x00	; 0
    150a:	80 81       	ld	r24, Z
    150c:	81 30       	cpi	r24, 0x01	; 1
    150e:	19 f4       	brne	.+6      	; 0x1516 <GPIO_readPort+0x7c>
				{
					read_port = LOGIC_HIGH;
    1510:	81 e0       	ldi	r24, 0x01	; 1
    1512:	89 83       	std	Y+1, r24	; 0x01
    1514:	15 c0       	rjmp	.+42     	; 0x1540 <GPIO_readPort+0xa6>
				}
				else
				{
					read_port = LOGIC_LOW;
    1516:	19 82       	std	Y+1, r1	; 0x01
    1518:	13 c0       	rjmp	.+38     	; 0x1540 <GPIO_readPort+0xa6>
				}
				break;

			case PORTC_ID:

				if(PINC == LOGIC_HIGH)
    151a:	e3 e3       	ldi	r30, 0x33	; 51
    151c:	f0 e0       	ldi	r31, 0x00	; 0
    151e:	80 81       	ld	r24, Z
    1520:	81 30       	cpi	r24, 0x01	; 1
    1522:	19 f4       	brne	.+6      	; 0x152a <GPIO_readPort+0x90>
				{
					read_port = LOGIC_HIGH;
    1524:	81 e0       	ldi	r24, 0x01	; 1
    1526:	89 83       	std	Y+1, r24	; 0x01
    1528:	0b c0       	rjmp	.+22     	; 0x1540 <GPIO_readPort+0xa6>
				}
				else
				{
					read_port = LOGIC_LOW;
    152a:	19 82       	std	Y+1, r1	; 0x01
    152c:	09 c0       	rjmp	.+18     	; 0x1540 <GPIO_readPort+0xa6>
				}
				break;

			case PORTD_ID:

				if(PIND == LOGIC_HIGH)
    152e:	e0 e3       	ldi	r30, 0x30	; 48
    1530:	f0 e0       	ldi	r31, 0x00	; 0
    1532:	80 81       	ld	r24, Z
    1534:	81 30       	cpi	r24, 0x01	; 1
    1536:	19 f4       	brne	.+6      	; 0x153e <GPIO_readPort+0xa4>
				{
					read_port = LOGIC_HIGH;
    1538:	81 e0       	ldi	r24, 0x01	; 1
    153a:	89 83       	std	Y+1, r24	; 0x01
    153c:	01 c0       	rjmp	.+2      	; 0x1540 <GPIO_readPort+0xa6>
				}
				else
				{
					read_port = LOGIC_LOW;
    153e:	19 82       	std	Y+1, r1	; 0x01
				}
				break;
		}
	}

	return read_port;
    1540:	89 81       	ldd	r24, Y+1	; 0x01
}
    1542:	0f 90       	pop	r0
    1544:	0f 90       	pop	r0
    1546:	0f 90       	pop	r0
    1548:	0f 90       	pop	r0
    154a:	cf 91       	pop	r28
    154c:	df 91       	pop	r29
    154e:	08 95       	ret

00001550 <__vector_5>:

/*
 * Description: ISR that is used to process the call back function in the Application
 */
ISR(TIMER1_CAPT_vect)
{
    1550:	1f 92       	push	r1
    1552:	0f 92       	push	r0
    1554:	0f b6       	in	r0, 0x3f	; 63
    1556:	0f 92       	push	r0
    1558:	11 24       	eor	r1, r1
    155a:	2f 93       	push	r18
    155c:	3f 93       	push	r19
    155e:	4f 93       	push	r20
    1560:	5f 93       	push	r21
    1562:	6f 93       	push	r22
    1564:	7f 93       	push	r23
    1566:	8f 93       	push	r24
    1568:	9f 93       	push	r25
    156a:	af 93       	push	r26
    156c:	bf 93       	push	r27
    156e:	ef 93       	push	r30
    1570:	ff 93       	push	r31
    1572:	df 93       	push	r29
    1574:	cf 93       	push	r28
    1576:	cd b7       	in	r28, 0x3d	; 61
    1578:	de b7       	in	r29, 0x3e	; 62
	if (callbackptr != (void*)0)
    157a:	80 91 76 01 	lds	r24, 0x0176
    157e:	90 91 77 01 	lds	r25, 0x0177
    1582:	00 97       	sbiw	r24, 0x00	; 0
    1584:	29 f0       	breq	.+10     	; 0x1590 <__vector_5+0x40>
	{
		(*callbackptr)();
    1586:	e0 91 76 01 	lds	r30, 0x0176
    158a:	f0 91 77 01 	lds	r31, 0x0177
    158e:	09 95       	icall
	}
}
    1590:	cf 91       	pop	r28
    1592:	df 91       	pop	r29
    1594:	ff 91       	pop	r31
    1596:	ef 91       	pop	r30
    1598:	bf 91       	pop	r27
    159a:	af 91       	pop	r26
    159c:	9f 91       	pop	r25
    159e:	8f 91       	pop	r24
    15a0:	7f 91       	pop	r23
    15a2:	6f 91       	pop	r22
    15a4:	5f 91       	pop	r21
    15a6:	4f 91       	pop	r20
    15a8:	3f 91       	pop	r19
    15aa:	2f 91       	pop	r18
    15ac:	0f 90       	pop	r0
    15ae:	0f be       	out	0x3f, r0	; 63
    15b0:	0f 90       	pop	r0
    15b2:	1f 90       	pop	r1
    15b4:	18 95       	reti

000015b6 <ICU_init>:
/*
 * Description: Function is used to initialize the ICU Driver by passing Structure of type Configuration
 * to it to configure the edge and the clock
 */
void ICU_init(ICU_configType *configtype)
{
    15b6:	df 93       	push	r29
    15b8:	cf 93       	push	r28
    15ba:	00 d0       	rcall	.+0      	; 0x15bc <ICU_init+0x6>
    15bc:	cd b7       	in	r28, 0x3d	; 61
    15be:	de b7       	in	r29, 0x3e	; 62
    15c0:	9a 83       	std	Y+2, r25	; 0x02
    15c2:	89 83       	std	Y+1, r24	; 0x01
	 * 4- configure the Clock in register TCCR1B by sending configuration to Function
	 * 5- put 0 in TCNT1 register
	 * 6- ICR1 register is responsible for ICU value
	 * 7- Enable ICU INTERRUPTS
	 */
	GPIO_setupPinDirection(PORTD_ID, PIN6_ID, PIN_INPUT);
    15c4:	83 e0       	ldi	r24, 0x03	; 3
    15c6:	66 e0       	ldi	r22, 0x06	; 6
    15c8:	40 e0       	ldi	r20, 0x00	; 0
    15ca:	0e 94 54 07 	call	0xea8	; 0xea8 <GPIO_setupPinDirection>

	TCCR1A = (1<<FOC1A) | (1<<FOC1B);
    15ce:	ef e4       	ldi	r30, 0x4F	; 79
    15d0:	f0 e0       	ldi	r31, 0x00	; 0
    15d2:	8c e0       	ldi	r24, 0x0C	; 12
    15d4:	80 83       	st	Z, r24

	TCCR1B = (TCCR1B & 0xBF) | ((configtype->edge)<<6);
    15d6:	ae e4       	ldi	r26, 0x4E	; 78
    15d8:	b0 e0       	ldi	r27, 0x00	; 0
    15da:	ee e4       	ldi	r30, 0x4E	; 78
    15dc:	f0 e0       	ldi	r31, 0x00	; 0
    15de:	80 81       	ld	r24, Z
    15e0:	28 2f       	mov	r18, r24
    15e2:	2f 7b       	andi	r18, 0xBF	; 191
    15e4:	e9 81       	ldd	r30, Y+1	; 0x01
    15e6:	fa 81       	ldd	r31, Y+2	; 0x02
    15e8:	80 81       	ld	r24, Z
    15ea:	88 2f       	mov	r24, r24
    15ec:	90 e0       	ldi	r25, 0x00	; 0
    15ee:	00 24       	eor	r0, r0
    15f0:	96 95       	lsr	r25
    15f2:	87 95       	ror	r24
    15f4:	07 94       	ror	r0
    15f6:	96 95       	lsr	r25
    15f8:	87 95       	ror	r24
    15fa:	07 94       	ror	r0
    15fc:	98 2f       	mov	r25, r24
    15fe:	80 2d       	mov	r24, r0
    1600:	82 2b       	or	r24, r18
    1602:	8c 93       	st	X, r24

	TCCR1B = (TCCR1B & 0xF8) | (configtype->clk);
    1604:	ae e4       	ldi	r26, 0x4E	; 78
    1606:	b0 e0       	ldi	r27, 0x00	; 0
    1608:	ee e4       	ldi	r30, 0x4E	; 78
    160a:	f0 e0       	ldi	r31, 0x00	; 0
    160c:	80 81       	ld	r24, Z
    160e:	98 2f       	mov	r25, r24
    1610:	98 7f       	andi	r25, 0xF8	; 248
    1612:	e9 81       	ldd	r30, Y+1	; 0x01
    1614:	fa 81       	ldd	r31, Y+2	; 0x02
    1616:	81 81       	ldd	r24, Z+1	; 0x01
    1618:	89 2b       	or	r24, r25
    161a:	8c 93       	st	X, r24

	TCNT1=0;
    161c:	ec e4       	ldi	r30, 0x4C	; 76
    161e:	f0 e0       	ldi	r31, 0x00	; 0
    1620:	11 82       	std	Z+1, r1	; 0x01
    1622:	10 82       	st	Z, r1

	ICR1=0;
    1624:	e6 e4       	ldi	r30, 0x46	; 70
    1626:	f0 e0       	ldi	r31, 0x00	; 0
    1628:	11 82       	std	Z+1, r1	; 0x01
    162a:	10 82       	st	Z, r1

	TIMSK |= (1<<TICIE1);
    162c:	a9 e5       	ldi	r26, 0x59	; 89
    162e:	b0 e0       	ldi	r27, 0x00	; 0
    1630:	e9 e5       	ldi	r30, 0x59	; 89
    1632:	f0 e0       	ldi	r31, 0x00	; 0
    1634:	80 81       	ld	r24, Z
    1636:	80 62       	ori	r24, 0x20	; 32
    1638:	8c 93       	st	X, r24


}
    163a:	0f 90       	pop	r0
    163c:	0f 90       	pop	r0
    163e:	cf 91       	pop	r28
    1640:	df 91       	pop	r29
    1642:	08 95       	ret

00001644 <ICU_setupCallBack>:

/*
 * Description: Function Used to Set the Call Back
 */
void ICU_setupCallBack(void (*f_ptr)(void))
{
    1644:	df 93       	push	r29
    1646:	cf 93       	push	r28
    1648:	00 d0       	rcall	.+0      	; 0x164a <ICU_setupCallBack+0x6>
    164a:	cd b7       	in	r28, 0x3d	; 61
    164c:	de b7       	in	r29, 0x3e	; 62
    164e:	9a 83       	std	Y+2, r25	; 0x02
    1650:	89 83       	std	Y+1, r24	; 0x01

	callbackptr=f_ptr;
    1652:	89 81       	ldd	r24, Y+1	; 0x01
    1654:	9a 81       	ldd	r25, Y+2	; 0x02
    1656:	90 93 77 01 	sts	0x0177, r25
    165a:	80 93 76 01 	sts	0x0176, r24

}
    165e:	0f 90       	pop	r0
    1660:	0f 90       	pop	r0
    1662:	cf 91       	pop	r28
    1664:	df 91       	pop	r29
    1666:	08 95       	ret

00001668 <ICU_setEdgeDetectionType>:

/*
 * Description: Function Used to detect the edge of the pulse
 */
void ICU_setEdgeDetectionType(const ICU_EDGE_TYPE edge_type)
{
    1668:	df 93       	push	r29
    166a:	cf 93       	push	r28
    166c:	0f 92       	push	r0
    166e:	cd b7       	in	r28, 0x3d	; 61
    1670:	de b7       	in	r29, 0x3e	; 62
    1672:	89 83       	std	Y+1, r24	; 0x01

	TCCR1B = (TCCR1B & 0xBF) | (edge_type<<6);
    1674:	ae e4       	ldi	r26, 0x4E	; 78
    1676:	b0 e0       	ldi	r27, 0x00	; 0
    1678:	ee e4       	ldi	r30, 0x4E	; 78
    167a:	f0 e0       	ldi	r31, 0x00	; 0
    167c:	80 81       	ld	r24, Z
    167e:	28 2f       	mov	r18, r24
    1680:	2f 7b       	andi	r18, 0xBF	; 191
    1682:	89 81       	ldd	r24, Y+1	; 0x01
    1684:	88 2f       	mov	r24, r24
    1686:	90 e0       	ldi	r25, 0x00	; 0
    1688:	00 24       	eor	r0, r0
    168a:	96 95       	lsr	r25
    168c:	87 95       	ror	r24
    168e:	07 94       	ror	r0
    1690:	96 95       	lsr	r25
    1692:	87 95       	ror	r24
    1694:	07 94       	ror	r0
    1696:	98 2f       	mov	r25, r24
    1698:	80 2d       	mov	r24, r0
    169a:	82 2b       	or	r24, r18
    169c:	8c 93       	st	X, r24

}
    169e:	0f 90       	pop	r0
    16a0:	cf 91       	pop	r28
    16a2:	df 91       	pop	r29
    16a4:	08 95       	ret

000016a6 <ICU_getInputCaptureValue>:

/*
 * Description: Function used to get the value of the capture
 */
uint16 ICU_getInputCaptureValue(void)
{
    16a6:	df 93       	push	r29
    16a8:	cf 93       	push	r28
    16aa:	cd b7       	in	r28, 0x3d	; 61
    16ac:	de b7       	in	r29, 0x3e	; 62
	return ICR1;
    16ae:	e6 e4       	ldi	r30, 0x46	; 70
    16b0:	f0 e0       	ldi	r31, 0x00	; 0
    16b2:	80 81       	ld	r24, Z
    16b4:	91 81       	ldd	r25, Z+1	; 0x01

}
    16b6:	cf 91       	pop	r28
    16b8:	df 91       	pop	r29
    16ba:	08 95       	ret

000016bc <ICU_clearTimer>:

/*
 * Description: Function to Clear the Timer Value
 */
void ICU_clearTimer(void)
{
    16bc:	df 93       	push	r29
    16be:	cf 93       	push	r28
    16c0:	cd b7       	in	r28, 0x3d	; 61
    16c2:	de b7       	in	r29, 0x3e	; 62

	TCNT1=0;
    16c4:	ec e4       	ldi	r30, 0x4C	; 76
    16c6:	f0 e0       	ldi	r31, 0x00	; 0
    16c8:	11 82       	std	Z+1, r1	; 0x01
    16ca:	10 82       	st	Z, r1
}
    16cc:	cf 91       	pop	r28
    16ce:	df 91       	pop	r29
    16d0:	08 95       	ret

000016d2 <ICU_DeInit>:

/*
 * Description: Function To De-Initialize the ICU Driver
 */
void ICU_DeInit(void)
{
    16d2:	df 93       	push	r29
    16d4:	cf 93       	push	r28
    16d6:	cd b7       	in	r28, 0x3d	; 61
    16d8:	de b7       	in	r29, 0x3e	; 62
	TCCR1A = 0;
    16da:	ef e4       	ldi	r30, 0x4F	; 79
    16dc:	f0 e0       	ldi	r31, 0x00	; 0
    16de:	10 82       	st	Z, r1

	TCCR1B = 0;
    16e0:	ee e4       	ldi	r30, 0x4E	; 78
    16e2:	f0 e0       	ldi	r31, 0x00	; 0
    16e4:	10 82       	st	Z, r1

	TCNT1=0;
    16e6:	ec e4       	ldi	r30, 0x4C	; 76
    16e8:	f0 e0       	ldi	r31, 0x00	; 0
    16ea:	11 82       	std	Z+1, r1	; 0x01
    16ec:	10 82       	st	Z, r1

	ICR1=0;
    16ee:	e6 e4       	ldi	r30, 0x46	; 70
    16f0:	f0 e0       	ldi	r31, 0x00	; 0
    16f2:	11 82       	std	Z+1, r1	; 0x01
    16f4:	10 82       	st	Z, r1

	TIMSK &= ~(1<<TICIE1);
    16f6:	a9 e5       	ldi	r26, 0x59	; 89
    16f8:	b0 e0       	ldi	r27, 0x00	; 0
    16fa:	e9 e5       	ldi	r30, 0x59	; 89
    16fc:	f0 e0       	ldi	r31, 0x00	; 0
    16fe:	80 81       	ld	r24, Z
    1700:	8f 7d       	andi	r24, 0xDF	; 223
    1702:	8c 93       	st	X, r24
}
    1704:	cf 91       	pop	r28
    1706:	df 91       	pop	r29
    1708:	08 95       	ret

0000170a <LCD_init>:
 * 							Functions Definitions
 **********************************************************************/


void LCD_init(void)
{
    170a:	df 93       	push	r29
    170c:	cf 93       	push	r28
    170e:	cd b7       	in	r28, 0x3d	; 61
    1710:	de b7       	in	r29, 0x3e	; 62

	GPIO_setupPinDirection(LCD_RW_PORT_ID, LCD_RW_PIN_ID, PIN_OUTPUT);
    1712:	81 e0       	ldi	r24, 0x01	; 1
    1714:	61 e0       	ldi	r22, 0x01	; 1
    1716:	41 e0       	ldi	r20, 0x01	; 1
    1718:	0e 94 54 07 	call	0xea8	; 0xea8 <GPIO_setupPinDirection>
	GPIO_setupPinDirection(LCD_RS_PORT_ID, LCD_RS_PIN_ID, PIN_OUTPUT);
    171c:	81 e0       	ldi	r24, 0x01	; 1
    171e:	60 e0       	ldi	r22, 0x00	; 0
    1720:	41 e0       	ldi	r20, 0x01	; 1
    1722:	0e 94 54 07 	call	0xea8	; 0xea8 <GPIO_setupPinDirection>
	GPIO_setupPinDirection(LCD_E_PORT_ID, LCD_E_PIN_ID, PIN_OUTPUT);
    1726:	81 e0       	ldi	r24, 0x01	; 1
    1728:	62 e0       	ldi	r22, 0x02	; 2
    172a:	41 e0       	ldi	r20, 0x01	; 1
    172c:	0e 94 54 07 	call	0xea8	; 0xea8 <GPIO_setupPinDirection>

	LCD_sendCommand(LCD_RETURN_HOME_COMMAND);
	LCD_sendCommand(LCD_TWO_LINE_4_BIT_MODE);

#elif LCD_DATA_BITS_MODE == 8
	GPIO_setupPortDirection(LCD_DATA_PORT_ID, PORT_OUTPUT);
    1730:	80 e0       	ldi	r24, 0x00	; 0
    1732:	6f ef       	ldi	r22, 0xFF	; 255
    1734:	0e 94 c5 09 	call	0x138a	; 0x138a <GPIO_setupPortDirection>

	LCD_sendCommand(LCD_TWO_LINE_8_BIT_MODE);
    1738:	88 e3       	ldi	r24, 0x38	; 56
    173a:	0e 94 a8 0b 	call	0x1750	; 0x1750 <LCD_sendCommand>
#endif
	LCD_sendCommand(LCD_CLEAR_COMMAND);
    173e:	81 e0       	ldi	r24, 0x01	; 1
    1740:	0e 94 a8 0b 	call	0x1750	; 0x1750 <LCD_sendCommand>

	LCD_sendCommand(LCD_CURSOR_OFF_COMMAND);
    1744:	8c e0       	ldi	r24, 0x0C	; 12
    1746:	0e 94 a8 0b 	call	0x1750	; 0x1750 <LCD_sendCommand>


}
    174a:	cf 91       	pop	r28
    174c:	df 91       	pop	r29
    174e:	08 95       	ret

00001750 <LCD_sendCommand>:



void LCD_sendCommand(uint8 data)
{
    1750:	df 93       	push	r29
    1752:	cf 93       	push	r28
    1754:	cd b7       	in	r28, 0x3d	; 61
    1756:	de b7       	in	r29, 0x3e	; 62
    1758:	ea 97       	sbiw	r28, 0x3a	; 58
    175a:	0f b6       	in	r0, 0x3f	; 63
    175c:	f8 94       	cli
    175e:	de bf       	out	0x3e, r29	; 62
    1760:	0f be       	out	0x3f, r0	; 63
    1762:	cd bf       	out	0x3d, r28	; 61
    1764:	8a af       	std	Y+58, r24	; 0x3a

	uint8 lcd_port_value = 0;
    1766:	19 ae       	std	Y+57, r1	; 0x39

	GPIO_writePin(LCD_RS_PORT_ID, LCD_RS_PIN_ID, LOGIC_LOW);
    1768:	81 e0       	ldi	r24, 0x01	; 1
    176a:	60 e0       	ldi	r22, 0x00	; 0
    176c:	40 e0       	ldi	r20, 0x00	; 0
    176e:	0e 94 3f 08 	call	0x107e	; 0x107e <GPIO_writePin>
	GPIO_writePin(LCD_RW_PORT_ID, LCD_RW_PIN_ID, LOGIC_LOW);
    1772:	81 e0       	ldi	r24, 0x01	; 1
    1774:	61 e0       	ldi	r22, 0x01	; 1
    1776:	40 e0       	ldi	r20, 0x00	; 0
    1778:	0e 94 3f 08 	call	0x107e	; 0x107e <GPIO_writePin>
    177c:	80 e0       	ldi	r24, 0x00	; 0
    177e:	90 e0       	ldi	r25, 0x00	; 0
    1780:	a0 e8       	ldi	r26, 0x80	; 128
    1782:	bf e3       	ldi	r27, 0x3F	; 63
    1784:	8d ab       	std	Y+53, r24	; 0x35
    1786:	9e ab       	std	Y+54, r25	; 0x36
    1788:	af ab       	std	Y+55, r26	; 0x37
    178a:	b8 af       	std	Y+56, r27	; 0x38
 */
void
_delay_ms(double __ms)
{
	uint16_t __ticks;
	double __tmp = ((F_CPU) / 4e3) * __ms;
    178c:	6d a9       	ldd	r22, Y+53	; 0x35
    178e:	7e a9       	ldd	r23, Y+54	; 0x36
    1790:	8f a9       	ldd	r24, Y+55	; 0x37
    1792:	98 ad       	ldd	r25, Y+56	; 0x38
    1794:	20 e0       	ldi	r18, 0x00	; 0
    1796:	30 e0       	ldi	r19, 0x00	; 0
    1798:	4a e7       	ldi	r20, 0x7A	; 122
    179a:	53 e4       	ldi	r21, 0x43	; 67
    179c:	0e 94 1f 02 	call	0x43e	; 0x43e <__mulsf3>
    17a0:	dc 01       	movw	r26, r24
    17a2:	cb 01       	movw	r24, r22
    17a4:	89 ab       	std	Y+49, r24	; 0x31
    17a6:	9a ab       	std	Y+50, r25	; 0x32
    17a8:	ab ab       	std	Y+51, r26	; 0x33
    17aa:	bc ab       	std	Y+52, r27	; 0x34
	if (__tmp < 1.0)
    17ac:	69 a9       	ldd	r22, Y+49	; 0x31
    17ae:	7a a9       	ldd	r23, Y+50	; 0x32
    17b0:	8b a9       	ldd	r24, Y+51	; 0x33
    17b2:	9c a9       	ldd	r25, Y+52	; 0x34
    17b4:	20 e0       	ldi	r18, 0x00	; 0
    17b6:	30 e0       	ldi	r19, 0x00	; 0
    17b8:	40 e8       	ldi	r20, 0x80	; 128
    17ba:	5f e3       	ldi	r21, 0x3F	; 63
    17bc:	0e 94 25 04 	call	0x84a	; 0x84a <__ltsf2>
    17c0:	88 23       	and	r24, r24
    17c2:	2c f4       	brge	.+10     	; 0x17ce <LCD_sendCommand+0x7e>
		__ticks = 1;
    17c4:	81 e0       	ldi	r24, 0x01	; 1
    17c6:	90 e0       	ldi	r25, 0x00	; 0
    17c8:	98 ab       	std	Y+48, r25	; 0x30
    17ca:	8f a7       	std	Y+47, r24	; 0x2f
    17cc:	3f c0       	rjmp	.+126    	; 0x184c <LCD_sendCommand+0xfc>
	else if (__tmp > 65535)
    17ce:	69 a9       	ldd	r22, Y+49	; 0x31
    17d0:	7a a9       	ldd	r23, Y+50	; 0x32
    17d2:	8b a9       	ldd	r24, Y+51	; 0x33
    17d4:	9c a9       	ldd	r25, Y+52	; 0x34
    17d6:	20 e0       	ldi	r18, 0x00	; 0
    17d8:	3f ef       	ldi	r19, 0xFF	; 255
    17da:	4f e7       	ldi	r20, 0x7F	; 127
    17dc:	57 e4       	ldi	r21, 0x47	; 71
    17de:	0e 94 c5 03 	call	0x78a	; 0x78a <__gtsf2>
    17e2:	18 16       	cp	r1, r24
    17e4:	4c f5       	brge	.+82     	; 0x1838 <LCD_sendCommand+0xe8>
	{
		//	__ticks = requested delay in 1/10 ms
		__ticks = (uint16_t) (__ms * 10.0);
    17e6:	6d a9       	ldd	r22, Y+53	; 0x35
    17e8:	7e a9       	ldd	r23, Y+54	; 0x36
    17ea:	8f a9       	ldd	r24, Y+55	; 0x37
    17ec:	98 ad       	ldd	r25, Y+56	; 0x38
    17ee:	20 e0       	ldi	r18, 0x00	; 0
    17f0:	30 e0       	ldi	r19, 0x00	; 0
    17f2:	40 e2       	ldi	r20, 0x20	; 32
    17f4:	51 e4       	ldi	r21, 0x41	; 65
    17f6:	0e 94 1f 02 	call	0x43e	; 0x43e <__mulsf3>
    17fa:	dc 01       	movw	r26, r24
    17fc:	cb 01       	movw	r24, r22
    17fe:	bc 01       	movw	r22, r24
    1800:	cd 01       	movw	r24, r26
    1802:	0e 94 49 00 	call	0x92	; 0x92 <__fixunssfsi>
    1806:	dc 01       	movw	r26, r24
    1808:	cb 01       	movw	r24, r22
    180a:	98 ab       	std	Y+48, r25	; 0x30
    180c:	8f a7       	std	Y+47, r24	; 0x2f
    180e:	0f c0       	rjmp	.+30     	; 0x182e <LCD_sendCommand+0xde>
    1810:	89 e1       	ldi	r24, 0x19	; 25
    1812:	90 e0       	ldi	r25, 0x00	; 0
    1814:	9e a7       	std	Y+46, r25	; 0x2e
    1816:	8d a7       	std	Y+45, r24	; 0x2d
    milliseconds can be achieved.
 */
void
_delay_loop_2(uint16_t __count)
{
	__asm__ volatile (
    1818:	8d a5       	ldd	r24, Y+45	; 0x2d
    181a:	9e a5       	ldd	r25, Y+46	; 0x2e
    181c:	01 97       	sbiw	r24, 0x01	; 1
    181e:	f1 f7       	brne	.-4      	; 0x181c <LCD_sendCommand+0xcc>
    1820:	9e a7       	std	Y+46, r25	; 0x2e
    1822:	8d a7       	std	Y+45, r24	; 0x2d
		while(__ticks)
		{
			// wait 1/10 ms
			_delay_loop_2(((F_CPU) / 4e3) / 10);
			__ticks --;
    1824:	8f a5       	ldd	r24, Y+47	; 0x2f
    1826:	98 a9       	ldd	r25, Y+48	; 0x30
    1828:	01 97       	sbiw	r24, 0x01	; 1
    182a:	98 ab       	std	Y+48, r25	; 0x30
    182c:	8f a7       	std	Y+47, r24	; 0x2f
		__ticks = 1;
	else if (__tmp > 65535)
	{
		//	__ticks = requested delay in 1/10 ms
		__ticks = (uint16_t) (__ms * 10.0);
		while(__ticks)
    182e:	8f a5       	ldd	r24, Y+47	; 0x2f
    1830:	98 a9       	ldd	r25, Y+48	; 0x30
    1832:	00 97       	sbiw	r24, 0x00	; 0
    1834:	69 f7       	brne	.-38     	; 0x1810 <LCD_sendCommand+0xc0>
    1836:	14 c0       	rjmp	.+40     	; 0x1860 <LCD_sendCommand+0x110>
			__ticks --;
		}
		return;
	}
	else
		__ticks = (uint16_t)__tmp;
    1838:	69 a9       	ldd	r22, Y+49	; 0x31
    183a:	7a a9       	ldd	r23, Y+50	; 0x32
    183c:	8b a9       	ldd	r24, Y+51	; 0x33
    183e:	9c a9       	ldd	r25, Y+52	; 0x34
    1840:	0e 94 49 00 	call	0x92	; 0x92 <__fixunssfsi>
    1844:	dc 01       	movw	r26, r24
    1846:	cb 01       	movw	r24, r22
    1848:	98 ab       	std	Y+48, r25	; 0x30
    184a:	8f a7       	std	Y+47, r24	; 0x2f
    184c:	8f a5       	ldd	r24, Y+47	; 0x2f
    184e:	98 a9       	ldd	r25, Y+48	; 0x30
    1850:	9c a7       	std	Y+44, r25	; 0x2c
    1852:	8b a7       	std	Y+43, r24	; 0x2b
    1854:	8b a5       	ldd	r24, Y+43	; 0x2b
    1856:	9c a5       	ldd	r25, Y+44	; 0x2c
    1858:	01 97       	sbiw	r24, 0x01	; 1
    185a:	f1 f7       	brne	.-4      	; 0x1858 <LCD_sendCommand+0x108>
    185c:	9c a7       	std	Y+44, r25	; 0x2c
    185e:	8b a7       	std	Y+43, r24	; 0x2b

	_delay_ms(1);

	GPIO_writePin(LCD_E_PORT_ID, LCD_E_PIN_ID, LOGIC_HIGH);
    1860:	81 e0       	ldi	r24, 0x01	; 1
    1862:	62 e0       	ldi	r22, 0x02	; 2
    1864:	41 e0       	ldi	r20, 0x01	; 1
    1866:	0e 94 3f 08 	call	0x107e	; 0x107e <GPIO_writePin>
    186a:	80 e0       	ldi	r24, 0x00	; 0
    186c:	90 e0       	ldi	r25, 0x00	; 0
    186e:	a0 e8       	ldi	r26, 0x80	; 128
    1870:	bf e3       	ldi	r27, 0x3F	; 63
    1872:	8f a3       	std	Y+39, r24	; 0x27
    1874:	98 a7       	std	Y+40, r25	; 0x28
    1876:	a9 a7       	std	Y+41, r26	; 0x29
    1878:	ba a7       	std	Y+42, r27	; 0x2a
 */
void
_delay_ms(double __ms)
{
	uint16_t __ticks;
	double __tmp = ((F_CPU) / 4e3) * __ms;
    187a:	6f a1       	ldd	r22, Y+39	; 0x27
    187c:	78 a5       	ldd	r23, Y+40	; 0x28
    187e:	89 a5       	ldd	r24, Y+41	; 0x29
    1880:	9a a5       	ldd	r25, Y+42	; 0x2a
    1882:	20 e0       	ldi	r18, 0x00	; 0
    1884:	30 e0       	ldi	r19, 0x00	; 0
    1886:	4a e7       	ldi	r20, 0x7A	; 122
    1888:	53 e4       	ldi	r21, 0x43	; 67
    188a:	0e 94 1f 02 	call	0x43e	; 0x43e <__mulsf3>
    188e:	dc 01       	movw	r26, r24
    1890:	cb 01       	movw	r24, r22
    1892:	8b a3       	std	Y+35, r24	; 0x23
    1894:	9c a3       	std	Y+36, r25	; 0x24
    1896:	ad a3       	std	Y+37, r26	; 0x25
    1898:	be a3       	std	Y+38, r27	; 0x26
	if (__tmp < 1.0)
    189a:	6b a1       	ldd	r22, Y+35	; 0x23
    189c:	7c a1       	ldd	r23, Y+36	; 0x24
    189e:	8d a1       	ldd	r24, Y+37	; 0x25
    18a0:	9e a1       	ldd	r25, Y+38	; 0x26
    18a2:	20 e0       	ldi	r18, 0x00	; 0
    18a4:	30 e0       	ldi	r19, 0x00	; 0
    18a6:	40 e8       	ldi	r20, 0x80	; 128
    18a8:	5f e3       	ldi	r21, 0x3F	; 63
    18aa:	0e 94 25 04 	call	0x84a	; 0x84a <__ltsf2>
    18ae:	88 23       	and	r24, r24
    18b0:	2c f4       	brge	.+10     	; 0x18bc <LCD_sendCommand+0x16c>
		__ticks = 1;
    18b2:	81 e0       	ldi	r24, 0x01	; 1
    18b4:	90 e0       	ldi	r25, 0x00	; 0
    18b6:	9a a3       	std	Y+34, r25	; 0x22
    18b8:	89 a3       	std	Y+33, r24	; 0x21
    18ba:	3f c0       	rjmp	.+126    	; 0x193a <LCD_sendCommand+0x1ea>
	else if (__tmp > 65535)
    18bc:	6b a1       	ldd	r22, Y+35	; 0x23
    18be:	7c a1       	ldd	r23, Y+36	; 0x24
    18c0:	8d a1       	ldd	r24, Y+37	; 0x25
    18c2:	9e a1       	ldd	r25, Y+38	; 0x26
    18c4:	20 e0       	ldi	r18, 0x00	; 0
    18c6:	3f ef       	ldi	r19, 0xFF	; 255
    18c8:	4f e7       	ldi	r20, 0x7F	; 127
    18ca:	57 e4       	ldi	r21, 0x47	; 71
    18cc:	0e 94 c5 03 	call	0x78a	; 0x78a <__gtsf2>
    18d0:	18 16       	cp	r1, r24
    18d2:	4c f5       	brge	.+82     	; 0x1926 <LCD_sendCommand+0x1d6>
	{
		//	__ticks = requested delay in 1/10 ms
		__ticks = (uint16_t) (__ms * 10.0);
    18d4:	6f a1       	ldd	r22, Y+39	; 0x27
    18d6:	78 a5       	ldd	r23, Y+40	; 0x28
    18d8:	89 a5       	ldd	r24, Y+41	; 0x29
    18da:	9a a5       	ldd	r25, Y+42	; 0x2a
    18dc:	20 e0       	ldi	r18, 0x00	; 0
    18de:	30 e0       	ldi	r19, 0x00	; 0
    18e0:	40 e2       	ldi	r20, 0x20	; 32
    18e2:	51 e4       	ldi	r21, 0x41	; 65
    18e4:	0e 94 1f 02 	call	0x43e	; 0x43e <__mulsf3>
    18e8:	dc 01       	movw	r26, r24
    18ea:	cb 01       	movw	r24, r22
    18ec:	bc 01       	movw	r22, r24
    18ee:	cd 01       	movw	r24, r26
    18f0:	0e 94 49 00 	call	0x92	; 0x92 <__fixunssfsi>
    18f4:	dc 01       	movw	r26, r24
    18f6:	cb 01       	movw	r24, r22
    18f8:	9a a3       	std	Y+34, r25	; 0x22
    18fa:	89 a3       	std	Y+33, r24	; 0x21
    18fc:	0f c0       	rjmp	.+30     	; 0x191c <LCD_sendCommand+0x1cc>
    18fe:	89 e1       	ldi	r24, 0x19	; 25
    1900:	90 e0       	ldi	r25, 0x00	; 0
    1902:	98 a3       	std	Y+32, r25	; 0x20
    1904:	8f 8f       	std	Y+31, r24	; 0x1f
    1906:	8f 8d       	ldd	r24, Y+31	; 0x1f
    1908:	98 a1       	ldd	r25, Y+32	; 0x20
    190a:	01 97       	sbiw	r24, 0x01	; 1
    190c:	f1 f7       	brne	.-4      	; 0x190a <LCD_sendCommand+0x1ba>
    190e:	98 a3       	std	Y+32, r25	; 0x20
    1910:	8f 8f       	std	Y+31, r24	; 0x1f
		while(__ticks)
		{
			// wait 1/10 ms
			_delay_loop_2(((F_CPU) / 4e3) / 10);
			__ticks --;
    1912:	89 a1       	ldd	r24, Y+33	; 0x21
    1914:	9a a1       	ldd	r25, Y+34	; 0x22
    1916:	01 97       	sbiw	r24, 0x01	; 1
    1918:	9a a3       	std	Y+34, r25	; 0x22
    191a:	89 a3       	std	Y+33, r24	; 0x21
		__ticks = 1;
	else if (__tmp > 65535)
	{
		//	__ticks = requested delay in 1/10 ms
		__ticks = (uint16_t) (__ms * 10.0);
		while(__ticks)
    191c:	89 a1       	ldd	r24, Y+33	; 0x21
    191e:	9a a1       	ldd	r25, Y+34	; 0x22
    1920:	00 97       	sbiw	r24, 0x00	; 0
    1922:	69 f7       	brne	.-38     	; 0x18fe <LCD_sendCommand+0x1ae>
    1924:	14 c0       	rjmp	.+40     	; 0x194e <LCD_sendCommand+0x1fe>
			__ticks --;
		}
		return;
	}
	else
		__ticks = (uint16_t)__tmp;
    1926:	6b a1       	ldd	r22, Y+35	; 0x23
    1928:	7c a1       	ldd	r23, Y+36	; 0x24
    192a:	8d a1       	ldd	r24, Y+37	; 0x25
    192c:	9e a1       	ldd	r25, Y+38	; 0x26
    192e:	0e 94 49 00 	call	0x92	; 0x92 <__fixunssfsi>
    1932:	dc 01       	movw	r26, r24
    1934:	cb 01       	movw	r24, r22
    1936:	9a a3       	std	Y+34, r25	; 0x22
    1938:	89 a3       	std	Y+33, r24	; 0x21
    193a:	89 a1       	ldd	r24, Y+33	; 0x21
    193c:	9a a1       	ldd	r25, Y+34	; 0x22
    193e:	9e 8f       	std	Y+30, r25	; 0x1e
    1940:	8d 8f       	std	Y+29, r24	; 0x1d
    1942:	8d 8d       	ldd	r24, Y+29	; 0x1d
    1944:	9e 8d       	ldd	r25, Y+30	; 0x1e
    1946:	01 97       	sbiw	r24, 0x01	; 1
    1948:	f1 f7       	brne	.-4      	; 0x1946 <LCD_sendCommand+0x1f6>
    194a:	9e 8f       	std	Y+30, r25	; 0x1e
    194c:	8d 8f       	std	Y+29, r24	; 0x1d
	GPIO_writePin(LCD_E_PORT_ID, LCD_E_PIN_ID, LOGIC_LOW);

	_delay_ms(1);

#elif LCD_DATA_BITS_MODE == 8
	GPIO_writePort(LCD_DATA_PORT_ID, data);
    194e:	80 e0       	ldi	r24, 0x00	; 0
    1950:	6a ad       	ldd	r22, Y+58	; 0x3a
    1952:	0e 94 09 0a 	call	0x1412	; 0x1412 <GPIO_writePort>
    1956:	80 e0       	ldi	r24, 0x00	; 0
    1958:	90 e0       	ldi	r25, 0x00	; 0
    195a:	a0 e8       	ldi	r26, 0x80	; 128
    195c:	bf e3       	ldi	r27, 0x3F	; 63
    195e:	89 8f       	std	Y+25, r24	; 0x19
    1960:	9a 8f       	std	Y+26, r25	; 0x1a
    1962:	ab 8f       	std	Y+27, r26	; 0x1b
    1964:	bc 8f       	std	Y+28, r27	; 0x1c
 */
void
_delay_ms(double __ms)
{
	uint16_t __ticks;
	double __tmp = ((F_CPU) / 4e3) * __ms;
    1966:	69 8d       	ldd	r22, Y+25	; 0x19
    1968:	7a 8d       	ldd	r23, Y+26	; 0x1a
    196a:	8b 8d       	ldd	r24, Y+27	; 0x1b
    196c:	9c 8d       	ldd	r25, Y+28	; 0x1c
    196e:	20 e0       	ldi	r18, 0x00	; 0
    1970:	30 e0       	ldi	r19, 0x00	; 0
    1972:	4a e7       	ldi	r20, 0x7A	; 122
    1974:	53 e4       	ldi	r21, 0x43	; 67
    1976:	0e 94 1f 02 	call	0x43e	; 0x43e <__mulsf3>
    197a:	dc 01       	movw	r26, r24
    197c:	cb 01       	movw	r24, r22
    197e:	8d 8b       	std	Y+21, r24	; 0x15
    1980:	9e 8b       	std	Y+22, r25	; 0x16
    1982:	af 8b       	std	Y+23, r26	; 0x17
    1984:	b8 8f       	std	Y+24, r27	; 0x18
	if (__tmp < 1.0)
    1986:	6d 89       	ldd	r22, Y+21	; 0x15
    1988:	7e 89       	ldd	r23, Y+22	; 0x16
    198a:	8f 89       	ldd	r24, Y+23	; 0x17
    198c:	98 8d       	ldd	r25, Y+24	; 0x18
    198e:	20 e0       	ldi	r18, 0x00	; 0
    1990:	30 e0       	ldi	r19, 0x00	; 0
    1992:	40 e8       	ldi	r20, 0x80	; 128
    1994:	5f e3       	ldi	r21, 0x3F	; 63
    1996:	0e 94 25 04 	call	0x84a	; 0x84a <__ltsf2>
    199a:	88 23       	and	r24, r24
    199c:	2c f4       	brge	.+10     	; 0x19a8 <LCD_sendCommand+0x258>
		__ticks = 1;
    199e:	81 e0       	ldi	r24, 0x01	; 1
    19a0:	90 e0       	ldi	r25, 0x00	; 0
    19a2:	9c 8b       	std	Y+20, r25	; 0x14
    19a4:	8b 8b       	std	Y+19, r24	; 0x13
    19a6:	3f c0       	rjmp	.+126    	; 0x1a26 <LCD_sendCommand+0x2d6>
	else if (__tmp > 65535)
    19a8:	6d 89       	ldd	r22, Y+21	; 0x15
    19aa:	7e 89       	ldd	r23, Y+22	; 0x16
    19ac:	8f 89       	ldd	r24, Y+23	; 0x17
    19ae:	98 8d       	ldd	r25, Y+24	; 0x18
    19b0:	20 e0       	ldi	r18, 0x00	; 0
    19b2:	3f ef       	ldi	r19, 0xFF	; 255
    19b4:	4f e7       	ldi	r20, 0x7F	; 127
    19b6:	57 e4       	ldi	r21, 0x47	; 71
    19b8:	0e 94 c5 03 	call	0x78a	; 0x78a <__gtsf2>
    19bc:	18 16       	cp	r1, r24
    19be:	4c f5       	brge	.+82     	; 0x1a12 <LCD_sendCommand+0x2c2>
	{
		//	__ticks = requested delay in 1/10 ms
		__ticks = (uint16_t) (__ms * 10.0);
    19c0:	69 8d       	ldd	r22, Y+25	; 0x19
    19c2:	7a 8d       	ldd	r23, Y+26	; 0x1a
    19c4:	8b 8d       	ldd	r24, Y+27	; 0x1b
    19c6:	9c 8d       	ldd	r25, Y+28	; 0x1c
    19c8:	20 e0       	ldi	r18, 0x00	; 0
    19ca:	30 e0       	ldi	r19, 0x00	; 0
    19cc:	40 e2       	ldi	r20, 0x20	; 32
    19ce:	51 e4       	ldi	r21, 0x41	; 65
    19d0:	0e 94 1f 02 	call	0x43e	; 0x43e <__mulsf3>
    19d4:	dc 01       	movw	r26, r24
    19d6:	cb 01       	movw	r24, r22
    19d8:	bc 01       	movw	r22, r24
    19da:	cd 01       	movw	r24, r26
    19dc:	0e 94 49 00 	call	0x92	; 0x92 <__fixunssfsi>
    19e0:	dc 01       	movw	r26, r24
    19e2:	cb 01       	movw	r24, r22
    19e4:	9c 8b       	std	Y+20, r25	; 0x14
    19e6:	8b 8b       	std	Y+19, r24	; 0x13
    19e8:	0f c0       	rjmp	.+30     	; 0x1a08 <LCD_sendCommand+0x2b8>
    19ea:	89 e1       	ldi	r24, 0x19	; 25
    19ec:	90 e0       	ldi	r25, 0x00	; 0
    19ee:	9a 8b       	std	Y+18, r25	; 0x12
    19f0:	89 8b       	std	Y+17, r24	; 0x11
    19f2:	89 89       	ldd	r24, Y+17	; 0x11
    19f4:	9a 89       	ldd	r25, Y+18	; 0x12
    19f6:	01 97       	sbiw	r24, 0x01	; 1
    19f8:	f1 f7       	brne	.-4      	; 0x19f6 <LCD_sendCommand+0x2a6>
    19fa:	9a 8b       	std	Y+18, r25	; 0x12
    19fc:	89 8b       	std	Y+17, r24	; 0x11
		while(__ticks)
		{
			// wait 1/10 ms
			_delay_loop_2(((F_CPU) / 4e3) / 10);
			__ticks --;
    19fe:	8b 89       	ldd	r24, Y+19	; 0x13
    1a00:	9c 89       	ldd	r25, Y+20	; 0x14
    1a02:	01 97       	sbiw	r24, 0x01	; 1
    1a04:	9c 8b       	std	Y+20, r25	; 0x14
    1a06:	8b 8b       	std	Y+19, r24	; 0x13
		__ticks = 1;
	else if (__tmp > 65535)
	{
		//	__ticks = requested delay in 1/10 ms
		__ticks = (uint16_t) (__ms * 10.0);
		while(__ticks)
    1a08:	8b 89       	ldd	r24, Y+19	; 0x13
    1a0a:	9c 89       	ldd	r25, Y+20	; 0x14
    1a0c:	00 97       	sbiw	r24, 0x00	; 0
    1a0e:	69 f7       	brne	.-38     	; 0x19ea <LCD_sendCommand+0x29a>
    1a10:	14 c0       	rjmp	.+40     	; 0x1a3a <LCD_sendCommand+0x2ea>
			__ticks --;
		}
		return;
	}
	else
		__ticks = (uint16_t)__tmp;
    1a12:	6d 89       	ldd	r22, Y+21	; 0x15
    1a14:	7e 89       	ldd	r23, Y+22	; 0x16
    1a16:	8f 89       	ldd	r24, Y+23	; 0x17
    1a18:	98 8d       	ldd	r25, Y+24	; 0x18
    1a1a:	0e 94 49 00 	call	0x92	; 0x92 <__fixunssfsi>
    1a1e:	dc 01       	movw	r26, r24
    1a20:	cb 01       	movw	r24, r22
    1a22:	9c 8b       	std	Y+20, r25	; 0x14
    1a24:	8b 8b       	std	Y+19, r24	; 0x13
    1a26:	8b 89       	ldd	r24, Y+19	; 0x13
    1a28:	9c 89       	ldd	r25, Y+20	; 0x14
    1a2a:	98 8b       	std	Y+16, r25	; 0x10
    1a2c:	8f 87       	std	Y+15, r24	; 0x0f
    1a2e:	8f 85       	ldd	r24, Y+15	; 0x0f
    1a30:	98 89       	ldd	r25, Y+16	; 0x10
    1a32:	01 97       	sbiw	r24, 0x01	; 1
    1a34:	f1 f7       	brne	.-4      	; 0x1a32 <LCD_sendCommand+0x2e2>
    1a36:	98 8b       	std	Y+16, r25	; 0x10
    1a38:	8f 87       	std	Y+15, r24	; 0x0f

	_delay_ms(1);

	GPIO_writePin(LCD_E_PORT_ID, LCD_E_PIN_ID, LOGIC_LOW);
    1a3a:	81 e0       	ldi	r24, 0x01	; 1
    1a3c:	62 e0       	ldi	r22, 0x02	; 2
    1a3e:	40 e0       	ldi	r20, 0x00	; 0
    1a40:	0e 94 3f 08 	call	0x107e	; 0x107e <GPIO_writePin>
    1a44:	80 e0       	ldi	r24, 0x00	; 0
    1a46:	90 e0       	ldi	r25, 0x00	; 0
    1a48:	a0 e8       	ldi	r26, 0x80	; 128
    1a4a:	bf e3       	ldi	r27, 0x3F	; 63
    1a4c:	8b 87       	std	Y+11, r24	; 0x0b
    1a4e:	9c 87       	std	Y+12, r25	; 0x0c
    1a50:	ad 87       	std	Y+13, r26	; 0x0d
    1a52:	be 87       	std	Y+14, r27	; 0x0e
 */
void
_delay_ms(double __ms)
{
	uint16_t __ticks;
	double __tmp = ((F_CPU) / 4e3) * __ms;
    1a54:	6b 85       	ldd	r22, Y+11	; 0x0b
    1a56:	7c 85       	ldd	r23, Y+12	; 0x0c
    1a58:	8d 85       	ldd	r24, Y+13	; 0x0d
    1a5a:	9e 85       	ldd	r25, Y+14	; 0x0e
    1a5c:	20 e0       	ldi	r18, 0x00	; 0
    1a5e:	30 e0       	ldi	r19, 0x00	; 0
    1a60:	4a e7       	ldi	r20, 0x7A	; 122
    1a62:	53 e4       	ldi	r21, 0x43	; 67
    1a64:	0e 94 1f 02 	call	0x43e	; 0x43e <__mulsf3>
    1a68:	dc 01       	movw	r26, r24
    1a6a:	cb 01       	movw	r24, r22
    1a6c:	8f 83       	std	Y+7, r24	; 0x07
    1a6e:	98 87       	std	Y+8, r25	; 0x08
    1a70:	a9 87       	std	Y+9, r26	; 0x09
    1a72:	ba 87       	std	Y+10, r27	; 0x0a
	if (__tmp < 1.0)
    1a74:	6f 81       	ldd	r22, Y+7	; 0x07
    1a76:	78 85       	ldd	r23, Y+8	; 0x08
    1a78:	89 85       	ldd	r24, Y+9	; 0x09
    1a7a:	9a 85       	ldd	r25, Y+10	; 0x0a
    1a7c:	20 e0       	ldi	r18, 0x00	; 0
    1a7e:	30 e0       	ldi	r19, 0x00	; 0
    1a80:	40 e8       	ldi	r20, 0x80	; 128
    1a82:	5f e3       	ldi	r21, 0x3F	; 63
    1a84:	0e 94 25 04 	call	0x84a	; 0x84a <__ltsf2>
    1a88:	88 23       	and	r24, r24
    1a8a:	2c f4       	brge	.+10     	; 0x1a96 <LCD_sendCommand+0x346>
		__ticks = 1;
    1a8c:	81 e0       	ldi	r24, 0x01	; 1
    1a8e:	90 e0       	ldi	r25, 0x00	; 0
    1a90:	9e 83       	std	Y+6, r25	; 0x06
    1a92:	8d 83       	std	Y+5, r24	; 0x05
    1a94:	3f c0       	rjmp	.+126    	; 0x1b14 <LCD_sendCommand+0x3c4>
	else if (__tmp > 65535)
    1a96:	6f 81       	ldd	r22, Y+7	; 0x07
    1a98:	78 85       	ldd	r23, Y+8	; 0x08
    1a9a:	89 85       	ldd	r24, Y+9	; 0x09
    1a9c:	9a 85       	ldd	r25, Y+10	; 0x0a
    1a9e:	20 e0       	ldi	r18, 0x00	; 0
    1aa0:	3f ef       	ldi	r19, 0xFF	; 255
    1aa2:	4f e7       	ldi	r20, 0x7F	; 127
    1aa4:	57 e4       	ldi	r21, 0x47	; 71
    1aa6:	0e 94 c5 03 	call	0x78a	; 0x78a <__gtsf2>
    1aaa:	18 16       	cp	r1, r24
    1aac:	4c f5       	brge	.+82     	; 0x1b00 <LCD_sendCommand+0x3b0>
	{
		//	__ticks = requested delay in 1/10 ms
		__ticks = (uint16_t) (__ms * 10.0);
    1aae:	6b 85       	ldd	r22, Y+11	; 0x0b
    1ab0:	7c 85       	ldd	r23, Y+12	; 0x0c
    1ab2:	8d 85       	ldd	r24, Y+13	; 0x0d
    1ab4:	9e 85       	ldd	r25, Y+14	; 0x0e
    1ab6:	20 e0       	ldi	r18, 0x00	; 0
    1ab8:	30 e0       	ldi	r19, 0x00	; 0
    1aba:	40 e2       	ldi	r20, 0x20	; 32
    1abc:	51 e4       	ldi	r21, 0x41	; 65
    1abe:	0e 94 1f 02 	call	0x43e	; 0x43e <__mulsf3>
    1ac2:	dc 01       	movw	r26, r24
    1ac4:	cb 01       	movw	r24, r22
    1ac6:	bc 01       	movw	r22, r24
    1ac8:	cd 01       	movw	r24, r26
    1aca:	0e 94 49 00 	call	0x92	; 0x92 <__fixunssfsi>
    1ace:	dc 01       	movw	r26, r24
    1ad0:	cb 01       	movw	r24, r22
    1ad2:	9e 83       	std	Y+6, r25	; 0x06
    1ad4:	8d 83       	std	Y+5, r24	; 0x05
    1ad6:	0f c0       	rjmp	.+30     	; 0x1af6 <LCD_sendCommand+0x3a6>
    1ad8:	89 e1       	ldi	r24, 0x19	; 25
    1ada:	90 e0       	ldi	r25, 0x00	; 0
    1adc:	9c 83       	std	Y+4, r25	; 0x04
    1ade:	8b 83       	std	Y+3, r24	; 0x03
    1ae0:	8b 81       	ldd	r24, Y+3	; 0x03
    1ae2:	9c 81       	ldd	r25, Y+4	; 0x04
    1ae4:	01 97       	sbiw	r24, 0x01	; 1
    1ae6:	f1 f7       	brne	.-4      	; 0x1ae4 <LCD_sendCommand+0x394>
    1ae8:	9c 83       	std	Y+4, r25	; 0x04
    1aea:	8b 83       	std	Y+3, r24	; 0x03
		while(__ticks)
		{
			// wait 1/10 ms
			_delay_loop_2(((F_CPU) / 4e3) / 10);
			__ticks --;
    1aec:	8d 81       	ldd	r24, Y+5	; 0x05
    1aee:	9e 81       	ldd	r25, Y+6	; 0x06
    1af0:	01 97       	sbiw	r24, 0x01	; 1
    1af2:	9e 83       	std	Y+6, r25	; 0x06
    1af4:	8d 83       	std	Y+5, r24	; 0x05
		__ticks = 1;
	else if (__tmp > 65535)
	{
		//	__ticks = requested delay in 1/10 ms
		__ticks = (uint16_t) (__ms * 10.0);
		while(__ticks)
    1af6:	8d 81       	ldd	r24, Y+5	; 0x05
    1af8:	9e 81       	ldd	r25, Y+6	; 0x06
    1afa:	00 97       	sbiw	r24, 0x00	; 0
    1afc:	69 f7       	brne	.-38     	; 0x1ad8 <LCD_sendCommand+0x388>
    1afe:	14 c0       	rjmp	.+40     	; 0x1b28 <LCD_sendCommand+0x3d8>
			__ticks --;
		}
		return;
	}
	else
		__ticks = (uint16_t)__tmp;
    1b00:	6f 81       	ldd	r22, Y+7	; 0x07
    1b02:	78 85       	ldd	r23, Y+8	; 0x08
    1b04:	89 85       	ldd	r24, Y+9	; 0x09
    1b06:	9a 85       	ldd	r25, Y+10	; 0x0a
    1b08:	0e 94 49 00 	call	0x92	; 0x92 <__fixunssfsi>
    1b0c:	dc 01       	movw	r26, r24
    1b0e:	cb 01       	movw	r24, r22
    1b10:	9e 83       	std	Y+6, r25	; 0x06
    1b12:	8d 83       	std	Y+5, r24	; 0x05
    1b14:	8d 81       	ldd	r24, Y+5	; 0x05
    1b16:	9e 81       	ldd	r25, Y+6	; 0x06
    1b18:	9a 83       	std	Y+2, r25	; 0x02
    1b1a:	89 83       	std	Y+1, r24	; 0x01
    1b1c:	89 81       	ldd	r24, Y+1	; 0x01
    1b1e:	9a 81       	ldd	r25, Y+2	; 0x02
    1b20:	01 97       	sbiw	r24, 0x01	; 1
    1b22:	f1 f7       	brne	.-4      	; 0x1b20 <LCD_sendCommand+0x3d0>
    1b24:	9a 83       	std	Y+2, r25	; 0x02
    1b26:	89 83       	std	Y+1, r24	; 0x01

	_delay_ms(1);

#endif

}
    1b28:	ea 96       	adiw	r28, 0x3a	; 58
    1b2a:	0f b6       	in	r0, 0x3f	; 63
    1b2c:	f8 94       	cli
    1b2e:	de bf       	out	0x3e, r29	; 62
    1b30:	0f be       	out	0x3f, r0	; 63
    1b32:	cd bf       	out	0x3d, r28	; 61
    1b34:	cf 91       	pop	r28
    1b36:	df 91       	pop	r29
    1b38:	08 95       	ret

00001b3a <LCD_displayCharacter>:


void LCD_displayCharacter(uint8 character)
{
    1b3a:	df 93       	push	r29
    1b3c:	cf 93       	push	r28
    1b3e:	cd b7       	in	r28, 0x3d	; 61
    1b40:	de b7       	in	r29, 0x3e	; 62
    1b42:	ea 97       	sbiw	r28, 0x3a	; 58
    1b44:	0f b6       	in	r0, 0x3f	; 63
    1b46:	f8 94       	cli
    1b48:	de bf       	out	0x3e, r29	; 62
    1b4a:	0f be       	out	0x3f, r0	; 63
    1b4c:	cd bf       	out	0x3d, r28	; 61
    1b4e:	8a af       	std	Y+58, r24	; 0x3a

	uint8 lcd_port_value = 0;
    1b50:	19 ae       	std	Y+57, r1	; 0x39

	GPIO_writePin(LCD_RS_PORT_ID, LCD_RS_PIN_ID, LOGIC_HIGH);
    1b52:	81 e0       	ldi	r24, 0x01	; 1
    1b54:	60 e0       	ldi	r22, 0x00	; 0
    1b56:	41 e0       	ldi	r20, 0x01	; 1
    1b58:	0e 94 3f 08 	call	0x107e	; 0x107e <GPIO_writePin>
	GPIO_writePin(LCD_RW_PORT_ID, LCD_RW_PIN_ID, LOGIC_LOW);
    1b5c:	81 e0       	ldi	r24, 0x01	; 1
    1b5e:	61 e0       	ldi	r22, 0x01	; 1
    1b60:	40 e0       	ldi	r20, 0x00	; 0
    1b62:	0e 94 3f 08 	call	0x107e	; 0x107e <GPIO_writePin>
    1b66:	80 e0       	ldi	r24, 0x00	; 0
    1b68:	90 e0       	ldi	r25, 0x00	; 0
    1b6a:	a0 e8       	ldi	r26, 0x80	; 128
    1b6c:	bf e3       	ldi	r27, 0x3F	; 63
    1b6e:	8d ab       	std	Y+53, r24	; 0x35
    1b70:	9e ab       	std	Y+54, r25	; 0x36
    1b72:	af ab       	std	Y+55, r26	; 0x37
    1b74:	b8 af       	std	Y+56, r27	; 0x38
 */
void
_delay_ms(double __ms)
{
	uint16_t __ticks;
	double __tmp = ((F_CPU) / 4e3) * __ms;
    1b76:	6d a9       	ldd	r22, Y+53	; 0x35
    1b78:	7e a9       	ldd	r23, Y+54	; 0x36
    1b7a:	8f a9       	ldd	r24, Y+55	; 0x37
    1b7c:	98 ad       	ldd	r25, Y+56	; 0x38
    1b7e:	20 e0       	ldi	r18, 0x00	; 0
    1b80:	30 e0       	ldi	r19, 0x00	; 0
    1b82:	4a e7       	ldi	r20, 0x7A	; 122
    1b84:	53 e4       	ldi	r21, 0x43	; 67
    1b86:	0e 94 1f 02 	call	0x43e	; 0x43e <__mulsf3>
    1b8a:	dc 01       	movw	r26, r24
    1b8c:	cb 01       	movw	r24, r22
    1b8e:	89 ab       	std	Y+49, r24	; 0x31
    1b90:	9a ab       	std	Y+50, r25	; 0x32
    1b92:	ab ab       	std	Y+51, r26	; 0x33
    1b94:	bc ab       	std	Y+52, r27	; 0x34
	if (__tmp < 1.0)
    1b96:	69 a9       	ldd	r22, Y+49	; 0x31
    1b98:	7a a9       	ldd	r23, Y+50	; 0x32
    1b9a:	8b a9       	ldd	r24, Y+51	; 0x33
    1b9c:	9c a9       	ldd	r25, Y+52	; 0x34
    1b9e:	20 e0       	ldi	r18, 0x00	; 0
    1ba0:	30 e0       	ldi	r19, 0x00	; 0
    1ba2:	40 e8       	ldi	r20, 0x80	; 128
    1ba4:	5f e3       	ldi	r21, 0x3F	; 63
    1ba6:	0e 94 25 04 	call	0x84a	; 0x84a <__ltsf2>
    1baa:	88 23       	and	r24, r24
    1bac:	2c f4       	brge	.+10     	; 0x1bb8 <LCD_displayCharacter+0x7e>
		__ticks = 1;
    1bae:	81 e0       	ldi	r24, 0x01	; 1
    1bb0:	90 e0       	ldi	r25, 0x00	; 0
    1bb2:	98 ab       	std	Y+48, r25	; 0x30
    1bb4:	8f a7       	std	Y+47, r24	; 0x2f
    1bb6:	3f c0       	rjmp	.+126    	; 0x1c36 <LCD_displayCharacter+0xfc>
	else if (__tmp > 65535)
    1bb8:	69 a9       	ldd	r22, Y+49	; 0x31
    1bba:	7a a9       	ldd	r23, Y+50	; 0x32
    1bbc:	8b a9       	ldd	r24, Y+51	; 0x33
    1bbe:	9c a9       	ldd	r25, Y+52	; 0x34
    1bc0:	20 e0       	ldi	r18, 0x00	; 0
    1bc2:	3f ef       	ldi	r19, 0xFF	; 255
    1bc4:	4f e7       	ldi	r20, 0x7F	; 127
    1bc6:	57 e4       	ldi	r21, 0x47	; 71
    1bc8:	0e 94 c5 03 	call	0x78a	; 0x78a <__gtsf2>
    1bcc:	18 16       	cp	r1, r24
    1bce:	4c f5       	brge	.+82     	; 0x1c22 <LCD_displayCharacter+0xe8>
	{
		//	__ticks = requested delay in 1/10 ms
		__ticks = (uint16_t) (__ms * 10.0);
    1bd0:	6d a9       	ldd	r22, Y+53	; 0x35
    1bd2:	7e a9       	ldd	r23, Y+54	; 0x36
    1bd4:	8f a9       	ldd	r24, Y+55	; 0x37
    1bd6:	98 ad       	ldd	r25, Y+56	; 0x38
    1bd8:	20 e0       	ldi	r18, 0x00	; 0
    1bda:	30 e0       	ldi	r19, 0x00	; 0
    1bdc:	40 e2       	ldi	r20, 0x20	; 32
    1bde:	51 e4       	ldi	r21, 0x41	; 65
    1be0:	0e 94 1f 02 	call	0x43e	; 0x43e <__mulsf3>
    1be4:	dc 01       	movw	r26, r24
    1be6:	cb 01       	movw	r24, r22
    1be8:	bc 01       	movw	r22, r24
    1bea:	cd 01       	movw	r24, r26
    1bec:	0e 94 49 00 	call	0x92	; 0x92 <__fixunssfsi>
    1bf0:	dc 01       	movw	r26, r24
    1bf2:	cb 01       	movw	r24, r22
    1bf4:	98 ab       	std	Y+48, r25	; 0x30
    1bf6:	8f a7       	std	Y+47, r24	; 0x2f
    1bf8:	0f c0       	rjmp	.+30     	; 0x1c18 <LCD_displayCharacter+0xde>
    1bfa:	89 e1       	ldi	r24, 0x19	; 25
    1bfc:	90 e0       	ldi	r25, 0x00	; 0
    1bfe:	9e a7       	std	Y+46, r25	; 0x2e
    1c00:	8d a7       	std	Y+45, r24	; 0x2d
    1c02:	8d a5       	ldd	r24, Y+45	; 0x2d
    1c04:	9e a5       	ldd	r25, Y+46	; 0x2e
    1c06:	01 97       	sbiw	r24, 0x01	; 1
    1c08:	f1 f7       	brne	.-4      	; 0x1c06 <LCD_displayCharacter+0xcc>
    1c0a:	9e a7       	std	Y+46, r25	; 0x2e
    1c0c:	8d a7       	std	Y+45, r24	; 0x2d
		while(__ticks)
		{
			// wait 1/10 ms
			_delay_loop_2(((F_CPU) / 4e3) / 10);
			__ticks --;
    1c0e:	8f a5       	ldd	r24, Y+47	; 0x2f
    1c10:	98 a9       	ldd	r25, Y+48	; 0x30
    1c12:	01 97       	sbiw	r24, 0x01	; 1
    1c14:	98 ab       	std	Y+48, r25	; 0x30
    1c16:	8f a7       	std	Y+47, r24	; 0x2f
		__ticks = 1;
	else if (__tmp > 65535)
	{
		//	__ticks = requested delay in 1/10 ms
		__ticks = (uint16_t) (__ms * 10.0);
		while(__ticks)
    1c18:	8f a5       	ldd	r24, Y+47	; 0x2f
    1c1a:	98 a9       	ldd	r25, Y+48	; 0x30
    1c1c:	00 97       	sbiw	r24, 0x00	; 0
    1c1e:	69 f7       	brne	.-38     	; 0x1bfa <LCD_displayCharacter+0xc0>
    1c20:	14 c0       	rjmp	.+40     	; 0x1c4a <LCD_displayCharacter+0x110>
			__ticks --;
		}
		return;
	}
	else
		__ticks = (uint16_t)__tmp;
    1c22:	69 a9       	ldd	r22, Y+49	; 0x31
    1c24:	7a a9       	ldd	r23, Y+50	; 0x32
    1c26:	8b a9       	ldd	r24, Y+51	; 0x33
    1c28:	9c a9       	ldd	r25, Y+52	; 0x34
    1c2a:	0e 94 49 00 	call	0x92	; 0x92 <__fixunssfsi>
    1c2e:	dc 01       	movw	r26, r24
    1c30:	cb 01       	movw	r24, r22
    1c32:	98 ab       	std	Y+48, r25	; 0x30
    1c34:	8f a7       	std	Y+47, r24	; 0x2f
    1c36:	8f a5       	ldd	r24, Y+47	; 0x2f
    1c38:	98 a9       	ldd	r25, Y+48	; 0x30
    1c3a:	9c a7       	std	Y+44, r25	; 0x2c
    1c3c:	8b a7       	std	Y+43, r24	; 0x2b
    1c3e:	8b a5       	ldd	r24, Y+43	; 0x2b
    1c40:	9c a5       	ldd	r25, Y+44	; 0x2c
    1c42:	01 97       	sbiw	r24, 0x01	; 1
    1c44:	f1 f7       	brne	.-4      	; 0x1c42 <LCD_displayCharacter+0x108>
    1c46:	9c a7       	std	Y+44, r25	; 0x2c
    1c48:	8b a7       	std	Y+43, r24	; 0x2b

	_delay_ms(1);

	GPIO_writePin(LCD_E_PORT_ID, LCD_E_PIN_ID, LOGIC_HIGH);
    1c4a:	81 e0       	ldi	r24, 0x01	; 1
    1c4c:	62 e0       	ldi	r22, 0x02	; 2
    1c4e:	41 e0       	ldi	r20, 0x01	; 1
    1c50:	0e 94 3f 08 	call	0x107e	; 0x107e <GPIO_writePin>
    1c54:	80 e0       	ldi	r24, 0x00	; 0
    1c56:	90 e0       	ldi	r25, 0x00	; 0
    1c58:	a0 e8       	ldi	r26, 0x80	; 128
    1c5a:	bf e3       	ldi	r27, 0x3F	; 63
    1c5c:	8f a3       	std	Y+39, r24	; 0x27
    1c5e:	98 a7       	std	Y+40, r25	; 0x28
    1c60:	a9 a7       	std	Y+41, r26	; 0x29
    1c62:	ba a7       	std	Y+42, r27	; 0x2a
 */
void
_delay_ms(double __ms)
{
	uint16_t __ticks;
	double __tmp = ((F_CPU) / 4e3) * __ms;
    1c64:	6f a1       	ldd	r22, Y+39	; 0x27
    1c66:	78 a5       	ldd	r23, Y+40	; 0x28
    1c68:	89 a5       	ldd	r24, Y+41	; 0x29
    1c6a:	9a a5       	ldd	r25, Y+42	; 0x2a
    1c6c:	20 e0       	ldi	r18, 0x00	; 0
    1c6e:	30 e0       	ldi	r19, 0x00	; 0
    1c70:	4a e7       	ldi	r20, 0x7A	; 122
    1c72:	53 e4       	ldi	r21, 0x43	; 67
    1c74:	0e 94 1f 02 	call	0x43e	; 0x43e <__mulsf3>
    1c78:	dc 01       	movw	r26, r24
    1c7a:	cb 01       	movw	r24, r22
    1c7c:	8b a3       	std	Y+35, r24	; 0x23
    1c7e:	9c a3       	std	Y+36, r25	; 0x24
    1c80:	ad a3       	std	Y+37, r26	; 0x25
    1c82:	be a3       	std	Y+38, r27	; 0x26
	if (__tmp < 1.0)
    1c84:	6b a1       	ldd	r22, Y+35	; 0x23
    1c86:	7c a1       	ldd	r23, Y+36	; 0x24
    1c88:	8d a1       	ldd	r24, Y+37	; 0x25
    1c8a:	9e a1       	ldd	r25, Y+38	; 0x26
    1c8c:	20 e0       	ldi	r18, 0x00	; 0
    1c8e:	30 e0       	ldi	r19, 0x00	; 0
    1c90:	40 e8       	ldi	r20, 0x80	; 128
    1c92:	5f e3       	ldi	r21, 0x3F	; 63
    1c94:	0e 94 25 04 	call	0x84a	; 0x84a <__ltsf2>
    1c98:	88 23       	and	r24, r24
    1c9a:	2c f4       	brge	.+10     	; 0x1ca6 <LCD_displayCharacter+0x16c>
		__ticks = 1;
    1c9c:	81 e0       	ldi	r24, 0x01	; 1
    1c9e:	90 e0       	ldi	r25, 0x00	; 0
    1ca0:	9a a3       	std	Y+34, r25	; 0x22
    1ca2:	89 a3       	std	Y+33, r24	; 0x21
    1ca4:	3f c0       	rjmp	.+126    	; 0x1d24 <LCD_displayCharacter+0x1ea>
	else if (__tmp > 65535)
    1ca6:	6b a1       	ldd	r22, Y+35	; 0x23
    1ca8:	7c a1       	ldd	r23, Y+36	; 0x24
    1caa:	8d a1       	ldd	r24, Y+37	; 0x25
    1cac:	9e a1       	ldd	r25, Y+38	; 0x26
    1cae:	20 e0       	ldi	r18, 0x00	; 0
    1cb0:	3f ef       	ldi	r19, 0xFF	; 255
    1cb2:	4f e7       	ldi	r20, 0x7F	; 127
    1cb4:	57 e4       	ldi	r21, 0x47	; 71
    1cb6:	0e 94 c5 03 	call	0x78a	; 0x78a <__gtsf2>
    1cba:	18 16       	cp	r1, r24
    1cbc:	4c f5       	brge	.+82     	; 0x1d10 <LCD_displayCharacter+0x1d6>
	{
		//	__ticks = requested delay in 1/10 ms
		__ticks = (uint16_t) (__ms * 10.0);
    1cbe:	6f a1       	ldd	r22, Y+39	; 0x27
    1cc0:	78 a5       	ldd	r23, Y+40	; 0x28
    1cc2:	89 a5       	ldd	r24, Y+41	; 0x29
    1cc4:	9a a5       	ldd	r25, Y+42	; 0x2a
    1cc6:	20 e0       	ldi	r18, 0x00	; 0
    1cc8:	30 e0       	ldi	r19, 0x00	; 0
    1cca:	40 e2       	ldi	r20, 0x20	; 32
    1ccc:	51 e4       	ldi	r21, 0x41	; 65
    1cce:	0e 94 1f 02 	call	0x43e	; 0x43e <__mulsf3>
    1cd2:	dc 01       	movw	r26, r24
    1cd4:	cb 01       	movw	r24, r22
    1cd6:	bc 01       	movw	r22, r24
    1cd8:	cd 01       	movw	r24, r26
    1cda:	0e 94 49 00 	call	0x92	; 0x92 <__fixunssfsi>
    1cde:	dc 01       	movw	r26, r24
    1ce0:	cb 01       	movw	r24, r22
    1ce2:	9a a3       	std	Y+34, r25	; 0x22
    1ce4:	89 a3       	std	Y+33, r24	; 0x21
    1ce6:	0f c0       	rjmp	.+30     	; 0x1d06 <LCD_displayCharacter+0x1cc>
    1ce8:	89 e1       	ldi	r24, 0x19	; 25
    1cea:	90 e0       	ldi	r25, 0x00	; 0
    1cec:	98 a3       	std	Y+32, r25	; 0x20
    1cee:	8f 8f       	std	Y+31, r24	; 0x1f
    1cf0:	8f 8d       	ldd	r24, Y+31	; 0x1f
    1cf2:	98 a1       	ldd	r25, Y+32	; 0x20
    1cf4:	01 97       	sbiw	r24, 0x01	; 1
    1cf6:	f1 f7       	brne	.-4      	; 0x1cf4 <LCD_displayCharacter+0x1ba>
    1cf8:	98 a3       	std	Y+32, r25	; 0x20
    1cfa:	8f 8f       	std	Y+31, r24	; 0x1f
		while(__ticks)
		{
			// wait 1/10 ms
			_delay_loop_2(((F_CPU) / 4e3) / 10);
			__ticks --;
    1cfc:	89 a1       	ldd	r24, Y+33	; 0x21
    1cfe:	9a a1       	ldd	r25, Y+34	; 0x22
    1d00:	01 97       	sbiw	r24, 0x01	; 1
    1d02:	9a a3       	std	Y+34, r25	; 0x22
    1d04:	89 a3       	std	Y+33, r24	; 0x21
		__ticks = 1;
	else if (__tmp > 65535)
	{
		//	__ticks = requested delay in 1/10 ms
		__ticks = (uint16_t) (__ms * 10.0);
		while(__ticks)
    1d06:	89 a1       	ldd	r24, Y+33	; 0x21
    1d08:	9a a1       	ldd	r25, Y+34	; 0x22
    1d0a:	00 97       	sbiw	r24, 0x00	; 0
    1d0c:	69 f7       	brne	.-38     	; 0x1ce8 <LCD_displayCharacter+0x1ae>
    1d0e:	14 c0       	rjmp	.+40     	; 0x1d38 <LCD_displayCharacter+0x1fe>
			__ticks --;
		}
		return;
	}
	else
		__ticks = (uint16_t)__tmp;
    1d10:	6b a1       	ldd	r22, Y+35	; 0x23
    1d12:	7c a1       	ldd	r23, Y+36	; 0x24
    1d14:	8d a1       	ldd	r24, Y+37	; 0x25
    1d16:	9e a1       	ldd	r25, Y+38	; 0x26
    1d18:	0e 94 49 00 	call	0x92	; 0x92 <__fixunssfsi>
    1d1c:	dc 01       	movw	r26, r24
    1d1e:	cb 01       	movw	r24, r22
    1d20:	9a a3       	std	Y+34, r25	; 0x22
    1d22:	89 a3       	std	Y+33, r24	; 0x21
    1d24:	89 a1       	ldd	r24, Y+33	; 0x21
    1d26:	9a a1       	ldd	r25, Y+34	; 0x22
    1d28:	9e 8f       	std	Y+30, r25	; 0x1e
    1d2a:	8d 8f       	std	Y+29, r24	; 0x1d
    1d2c:	8d 8d       	ldd	r24, Y+29	; 0x1d
    1d2e:	9e 8d       	ldd	r25, Y+30	; 0x1e
    1d30:	01 97       	sbiw	r24, 0x01	; 1
    1d32:	f1 f7       	brne	.-4      	; 0x1d30 <LCD_displayCharacter+0x1f6>
    1d34:	9e 8f       	std	Y+30, r25	; 0x1e
    1d36:	8d 8f       	std	Y+29, r24	; 0x1d

	_delay_ms(1);


#elif LCD_DATA_BITS_MODE == 8
	GPIO_writePort(LCD_DATA_PORT_ID, character);
    1d38:	80 e0       	ldi	r24, 0x00	; 0
    1d3a:	6a ad       	ldd	r22, Y+58	; 0x3a
    1d3c:	0e 94 09 0a 	call	0x1412	; 0x1412 <GPIO_writePort>
    1d40:	80 e0       	ldi	r24, 0x00	; 0
    1d42:	90 e0       	ldi	r25, 0x00	; 0
    1d44:	a0 e8       	ldi	r26, 0x80	; 128
    1d46:	bf e3       	ldi	r27, 0x3F	; 63
    1d48:	89 8f       	std	Y+25, r24	; 0x19
    1d4a:	9a 8f       	std	Y+26, r25	; 0x1a
    1d4c:	ab 8f       	std	Y+27, r26	; 0x1b
    1d4e:	bc 8f       	std	Y+28, r27	; 0x1c
 */
void
_delay_ms(double __ms)
{
	uint16_t __ticks;
	double __tmp = ((F_CPU) / 4e3) * __ms;
    1d50:	69 8d       	ldd	r22, Y+25	; 0x19
    1d52:	7a 8d       	ldd	r23, Y+26	; 0x1a
    1d54:	8b 8d       	ldd	r24, Y+27	; 0x1b
    1d56:	9c 8d       	ldd	r25, Y+28	; 0x1c
    1d58:	20 e0       	ldi	r18, 0x00	; 0
    1d5a:	30 e0       	ldi	r19, 0x00	; 0
    1d5c:	4a e7       	ldi	r20, 0x7A	; 122
    1d5e:	53 e4       	ldi	r21, 0x43	; 67
    1d60:	0e 94 1f 02 	call	0x43e	; 0x43e <__mulsf3>
    1d64:	dc 01       	movw	r26, r24
    1d66:	cb 01       	movw	r24, r22
    1d68:	8d 8b       	std	Y+21, r24	; 0x15
    1d6a:	9e 8b       	std	Y+22, r25	; 0x16
    1d6c:	af 8b       	std	Y+23, r26	; 0x17
    1d6e:	b8 8f       	std	Y+24, r27	; 0x18
	if (__tmp < 1.0)
    1d70:	6d 89       	ldd	r22, Y+21	; 0x15
    1d72:	7e 89       	ldd	r23, Y+22	; 0x16
    1d74:	8f 89       	ldd	r24, Y+23	; 0x17
    1d76:	98 8d       	ldd	r25, Y+24	; 0x18
    1d78:	20 e0       	ldi	r18, 0x00	; 0
    1d7a:	30 e0       	ldi	r19, 0x00	; 0
    1d7c:	40 e8       	ldi	r20, 0x80	; 128
    1d7e:	5f e3       	ldi	r21, 0x3F	; 63
    1d80:	0e 94 25 04 	call	0x84a	; 0x84a <__ltsf2>
    1d84:	88 23       	and	r24, r24
    1d86:	2c f4       	brge	.+10     	; 0x1d92 <LCD_displayCharacter+0x258>
		__ticks = 1;
    1d88:	81 e0       	ldi	r24, 0x01	; 1
    1d8a:	90 e0       	ldi	r25, 0x00	; 0
    1d8c:	9c 8b       	std	Y+20, r25	; 0x14
    1d8e:	8b 8b       	std	Y+19, r24	; 0x13
    1d90:	3f c0       	rjmp	.+126    	; 0x1e10 <LCD_displayCharacter+0x2d6>
	else if (__tmp > 65535)
    1d92:	6d 89       	ldd	r22, Y+21	; 0x15
    1d94:	7e 89       	ldd	r23, Y+22	; 0x16
    1d96:	8f 89       	ldd	r24, Y+23	; 0x17
    1d98:	98 8d       	ldd	r25, Y+24	; 0x18
    1d9a:	20 e0       	ldi	r18, 0x00	; 0
    1d9c:	3f ef       	ldi	r19, 0xFF	; 255
    1d9e:	4f e7       	ldi	r20, 0x7F	; 127
    1da0:	57 e4       	ldi	r21, 0x47	; 71
    1da2:	0e 94 c5 03 	call	0x78a	; 0x78a <__gtsf2>
    1da6:	18 16       	cp	r1, r24
    1da8:	4c f5       	brge	.+82     	; 0x1dfc <LCD_displayCharacter+0x2c2>
	{
		//	__ticks = requested delay in 1/10 ms
		__ticks = (uint16_t) (__ms * 10.0);
    1daa:	69 8d       	ldd	r22, Y+25	; 0x19
    1dac:	7a 8d       	ldd	r23, Y+26	; 0x1a
    1dae:	8b 8d       	ldd	r24, Y+27	; 0x1b
    1db0:	9c 8d       	ldd	r25, Y+28	; 0x1c
    1db2:	20 e0       	ldi	r18, 0x00	; 0
    1db4:	30 e0       	ldi	r19, 0x00	; 0
    1db6:	40 e2       	ldi	r20, 0x20	; 32
    1db8:	51 e4       	ldi	r21, 0x41	; 65
    1dba:	0e 94 1f 02 	call	0x43e	; 0x43e <__mulsf3>
    1dbe:	dc 01       	movw	r26, r24
    1dc0:	cb 01       	movw	r24, r22
    1dc2:	bc 01       	movw	r22, r24
    1dc4:	cd 01       	movw	r24, r26
    1dc6:	0e 94 49 00 	call	0x92	; 0x92 <__fixunssfsi>
    1dca:	dc 01       	movw	r26, r24
    1dcc:	cb 01       	movw	r24, r22
    1dce:	9c 8b       	std	Y+20, r25	; 0x14
    1dd0:	8b 8b       	std	Y+19, r24	; 0x13
    1dd2:	0f c0       	rjmp	.+30     	; 0x1df2 <LCD_displayCharacter+0x2b8>
    1dd4:	89 e1       	ldi	r24, 0x19	; 25
    1dd6:	90 e0       	ldi	r25, 0x00	; 0
    1dd8:	9a 8b       	std	Y+18, r25	; 0x12
    1dda:	89 8b       	std	Y+17, r24	; 0x11
    1ddc:	89 89       	ldd	r24, Y+17	; 0x11
    1dde:	9a 89       	ldd	r25, Y+18	; 0x12
    1de0:	01 97       	sbiw	r24, 0x01	; 1
    1de2:	f1 f7       	brne	.-4      	; 0x1de0 <LCD_displayCharacter+0x2a6>
    1de4:	9a 8b       	std	Y+18, r25	; 0x12
    1de6:	89 8b       	std	Y+17, r24	; 0x11
		while(__ticks)
		{
			// wait 1/10 ms
			_delay_loop_2(((F_CPU) / 4e3) / 10);
			__ticks --;
    1de8:	8b 89       	ldd	r24, Y+19	; 0x13
    1dea:	9c 89       	ldd	r25, Y+20	; 0x14
    1dec:	01 97       	sbiw	r24, 0x01	; 1
    1dee:	9c 8b       	std	Y+20, r25	; 0x14
    1df0:	8b 8b       	std	Y+19, r24	; 0x13
		__ticks = 1;
	else if (__tmp > 65535)
	{
		//	__ticks = requested delay in 1/10 ms
		__ticks = (uint16_t) (__ms * 10.0);
		while(__ticks)
    1df2:	8b 89       	ldd	r24, Y+19	; 0x13
    1df4:	9c 89       	ldd	r25, Y+20	; 0x14
    1df6:	00 97       	sbiw	r24, 0x00	; 0
    1df8:	69 f7       	brne	.-38     	; 0x1dd4 <LCD_displayCharacter+0x29a>
    1dfa:	14 c0       	rjmp	.+40     	; 0x1e24 <LCD_displayCharacter+0x2ea>
			__ticks --;
		}
		return;
	}
	else
		__ticks = (uint16_t)__tmp;
    1dfc:	6d 89       	ldd	r22, Y+21	; 0x15
    1dfe:	7e 89       	ldd	r23, Y+22	; 0x16
    1e00:	8f 89       	ldd	r24, Y+23	; 0x17
    1e02:	98 8d       	ldd	r25, Y+24	; 0x18
    1e04:	0e 94 49 00 	call	0x92	; 0x92 <__fixunssfsi>
    1e08:	dc 01       	movw	r26, r24
    1e0a:	cb 01       	movw	r24, r22
    1e0c:	9c 8b       	std	Y+20, r25	; 0x14
    1e0e:	8b 8b       	std	Y+19, r24	; 0x13
    1e10:	8b 89       	ldd	r24, Y+19	; 0x13
    1e12:	9c 89       	ldd	r25, Y+20	; 0x14
    1e14:	98 8b       	std	Y+16, r25	; 0x10
    1e16:	8f 87       	std	Y+15, r24	; 0x0f
    1e18:	8f 85       	ldd	r24, Y+15	; 0x0f
    1e1a:	98 89       	ldd	r25, Y+16	; 0x10
    1e1c:	01 97       	sbiw	r24, 0x01	; 1
    1e1e:	f1 f7       	brne	.-4      	; 0x1e1c <LCD_displayCharacter+0x2e2>
    1e20:	98 8b       	std	Y+16, r25	; 0x10
    1e22:	8f 87       	std	Y+15, r24	; 0x0f

	_delay_ms(1);

	GPIO_writePin(LCD_E_PORT_ID, LCD_E_PIN_ID, LOGIC_LOW);
    1e24:	81 e0       	ldi	r24, 0x01	; 1
    1e26:	62 e0       	ldi	r22, 0x02	; 2
    1e28:	40 e0       	ldi	r20, 0x00	; 0
    1e2a:	0e 94 3f 08 	call	0x107e	; 0x107e <GPIO_writePin>
    1e2e:	80 e0       	ldi	r24, 0x00	; 0
    1e30:	90 e0       	ldi	r25, 0x00	; 0
    1e32:	a0 e8       	ldi	r26, 0x80	; 128
    1e34:	bf e3       	ldi	r27, 0x3F	; 63
    1e36:	8b 87       	std	Y+11, r24	; 0x0b
    1e38:	9c 87       	std	Y+12, r25	; 0x0c
    1e3a:	ad 87       	std	Y+13, r26	; 0x0d
    1e3c:	be 87       	std	Y+14, r27	; 0x0e
 */
void
_delay_ms(double __ms)
{
	uint16_t __ticks;
	double __tmp = ((F_CPU) / 4e3) * __ms;
    1e3e:	6b 85       	ldd	r22, Y+11	; 0x0b
    1e40:	7c 85       	ldd	r23, Y+12	; 0x0c
    1e42:	8d 85       	ldd	r24, Y+13	; 0x0d
    1e44:	9e 85       	ldd	r25, Y+14	; 0x0e
    1e46:	20 e0       	ldi	r18, 0x00	; 0
    1e48:	30 e0       	ldi	r19, 0x00	; 0
    1e4a:	4a e7       	ldi	r20, 0x7A	; 122
    1e4c:	53 e4       	ldi	r21, 0x43	; 67
    1e4e:	0e 94 1f 02 	call	0x43e	; 0x43e <__mulsf3>
    1e52:	dc 01       	movw	r26, r24
    1e54:	cb 01       	movw	r24, r22
    1e56:	8f 83       	std	Y+7, r24	; 0x07
    1e58:	98 87       	std	Y+8, r25	; 0x08
    1e5a:	a9 87       	std	Y+9, r26	; 0x09
    1e5c:	ba 87       	std	Y+10, r27	; 0x0a
	if (__tmp < 1.0)
    1e5e:	6f 81       	ldd	r22, Y+7	; 0x07
    1e60:	78 85       	ldd	r23, Y+8	; 0x08
    1e62:	89 85       	ldd	r24, Y+9	; 0x09
    1e64:	9a 85       	ldd	r25, Y+10	; 0x0a
    1e66:	20 e0       	ldi	r18, 0x00	; 0
    1e68:	30 e0       	ldi	r19, 0x00	; 0
    1e6a:	40 e8       	ldi	r20, 0x80	; 128
    1e6c:	5f e3       	ldi	r21, 0x3F	; 63
    1e6e:	0e 94 25 04 	call	0x84a	; 0x84a <__ltsf2>
    1e72:	88 23       	and	r24, r24
    1e74:	2c f4       	brge	.+10     	; 0x1e80 <LCD_displayCharacter+0x346>
		__ticks = 1;
    1e76:	81 e0       	ldi	r24, 0x01	; 1
    1e78:	90 e0       	ldi	r25, 0x00	; 0
    1e7a:	9e 83       	std	Y+6, r25	; 0x06
    1e7c:	8d 83       	std	Y+5, r24	; 0x05
    1e7e:	3f c0       	rjmp	.+126    	; 0x1efe <LCD_displayCharacter+0x3c4>
	else if (__tmp > 65535)
    1e80:	6f 81       	ldd	r22, Y+7	; 0x07
    1e82:	78 85       	ldd	r23, Y+8	; 0x08
    1e84:	89 85       	ldd	r24, Y+9	; 0x09
    1e86:	9a 85       	ldd	r25, Y+10	; 0x0a
    1e88:	20 e0       	ldi	r18, 0x00	; 0
    1e8a:	3f ef       	ldi	r19, 0xFF	; 255
    1e8c:	4f e7       	ldi	r20, 0x7F	; 127
    1e8e:	57 e4       	ldi	r21, 0x47	; 71
    1e90:	0e 94 c5 03 	call	0x78a	; 0x78a <__gtsf2>
    1e94:	18 16       	cp	r1, r24
    1e96:	4c f5       	brge	.+82     	; 0x1eea <LCD_displayCharacter+0x3b0>
	{
		//	__ticks = requested delay in 1/10 ms
		__ticks = (uint16_t) (__ms * 10.0);
    1e98:	6b 85       	ldd	r22, Y+11	; 0x0b
    1e9a:	7c 85       	ldd	r23, Y+12	; 0x0c
    1e9c:	8d 85       	ldd	r24, Y+13	; 0x0d
    1e9e:	9e 85       	ldd	r25, Y+14	; 0x0e
    1ea0:	20 e0       	ldi	r18, 0x00	; 0
    1ea2:	30 e0       	ldi	r19, 0x00	; 0
    1ea4:	40 e2       	ldi	r20, 0x20	; 32
    1ea6:	51 e4       	ldi	r21, 0x41	; 65
    1ea8:	0e 94 1f 02 	call	0x43e	; 0x43e <__mulsf3>
    1eac:	dc 01       	movw	r26, r24
    1eae:	cb 01       	movw	r24, r22
    1eb0:	bc 01       	movw	r22, r24
    1eb2:	cd 01       	movw	r24, r26
    1eb4:	0e 94 49 00 	call	0x92	; 0x92 <__fixunssfsi>
    1eb8:	dc 01       	movw	r26, r24
    1eba:	cb 01       	movw	r24, r22
    1ebc:	9e 83       	std	Y+6, r25	; 0x06
    1ebe:	8d 83       	std	Y+5, r24	; 0x05
    1ec0:	0f c0       	rjmp	.+30     	; 0x1ee0 <LCD_displayCharacter+0x3a6>
    1ec2:	89 e1       	ldi	r24, 0x19	; 25
    1ec4:	90 e0       	ldi	r25, 0x00	; 0
    1ec6:	9c 83       	std	Y+4, r25	; 0x04
    1ec8:	8b 83       	std	Y+3, r24	; 0x03
    1eca:	8b 81       	ldd	r24, Y+3	; 0x03
    1ecc:	9c 81       	ldd	r25, Y+4	; 0x04
    1ece:	01 97       	sbiw	r24, 0x01	; 1
    1ed0:	f1 f7       	brne	.-4      	; 0x1ece <LCD_displayCharacter+0x394>
    1ed2:	9c 83       	std	Y+4, r25	; 0x04
    1ed4:	8b 83       	std	Y+3, r24	; 0x03
		while(__ticks)
		{
			// wait 1/10 ms
			_delay_loop_2(((F_CPU) / 4e3) / 10);
			__ticks --;
    1ed6:	8d 81       	ldd	r24, Y+5	; 0x05
    1ed8:	9e 81       	ldd	r25, Y+6	; 0x06
    1eda:	01 97       	sbiw	r24, 0x01	; 1
    1edc:	9e 83       	std	Y+6, r25	; 0x06
    1ede:	8d 83       	std	Y+5, r24	; 0x05
		__ticks = 1;
	else if (__tmp > 65535)
	{
		//	__ticks = requested delay in 1/10 ms
		__ticks = (uint16_t) (__ms * 10.0);
		while(__ticks)
    1ee0:	8d 81       	ldd	r24, Y+5	; 0x05
    1ee2:	9e 81       	ldd	r25, Y+6	; 0x06
    1ee4:	00 97       	sbiw	r24, 0x00	; 0
    1ee6:	69 f7       	brne	.-38     	; 0x1ec2 <LCD_displayCharacter+0x388>
    1ee8:	14 c0       	rjmp	.+40     	; 0x1f12 <LCD_displayCharacter+0x3d8>
			__ticks --;
		}
		return;
	}
	else
		__ticks = (uint16_t)__tmp;
    1eea:	6f 81       	ldd	r22, Y+7	; 0x07
    1eec:	78 85       	ldd	r23, Y+8	; 0x08
    1eee:	89 85       	ldd	r24, Y+9	; 0x09
    1ef0:	9a 85       	ldd	r25, Y+10	; 0x0a
    1ef2:	0e 94 49 00 	call	0x92	; 0x92 <__fixunssfsi>
    1ef6:	dc 01       	movw	r26, r24
    1ef8:	cb 01       	movw	r24, r22
    1efa:	9e 83       	std	Y+6, r25	; 0x06
    1efc:	8d 83       	std	Y+5, r24	; 0x05
    1efe:	8d 81       	ldd	r24, Y+5	; 0x05
    1f00:	9e 81       	ldd	r25, Y+6	; 0x06
    1f02:	9a 83       	std	Y+2, r25	; 0x02
    1f04:	89 83       	std	Y+1, r24	; 0x01
    1f06:	89 81       	ldd	r24, Y+1	; 0x01
    1f08:	9a 81       	ldd	r25, Y+2	; 0x02
    1f0a:	01 97       	sbiw	r24, 0x01	; 1
    1f0c:	f1 f7       	brne	.-4      	; 0x1f0a <LCD_displayCharacter+0x3d0>
    1f0e:	9a 83       	std	Y+2, r25	; 0x02
    1f10:	89 83       	std	Y+1, r24	; 0x01

	_delay_ms(1);

#endif

}
    1f12:	ea 96       	adiw	r28, 0x3a	; 58
    1f14:	0f b6       	in	r0, 0x3f	; 63
    1f16:	f8 94       	cli
    1f18:	de bf       	out	0x3e, r29	; 62
    1f1a:	0f be       	out	0x3f, r0	; 63
    1f1c:	cd bf       	out	0x3d, r28	; 61
    1f1e:	cf 91       	pop	r28
    1f20:	df 91       	pop	r29
    1f22:	08 95       	ret

00001f24 <LCD_displayString>:


void LCD_displayString(const uint8 *str)
{
    1f24:	df 93       	push	r29
    1f26:	cf 93       	push	r28
    1f28:	00 d0       	rcall	.+0      	; 0x1f2a <LCD_displayString+0x6>
    1f2a:	0f 92       	push	r0
    1f2c:	cd b7       	in	r28, 0x3d	; 61
    1f2e:	de b7       	in	r29, 0x3e	; 62
    1f30:	9b 83       	std	Y+3, r25	; 0x03
    1f32:	8a 83       	std	Y+2, r24	; 0x02

	uint8 i=0;
    1f34:	19 82       	std	Y+1, r1	; 0x01
    1f36:	0e c0       	rjmp	.+28     	; 0x1f54 <LCD_displayString+0x30>

	while(str[i] != '\0')
	{
		LCD_displayCharacter(str[i]);
    1f38:	89 81       	ldd	r24, Y+1	; 0x01
    1f3a:	28 2f       	mov	r18, r24
    1f3c:	30 e0       	ldi	r19, 0x00	; 0
    1f3e:	8a 81       	ldd	r24, Y+2	; 0x02
    1f40:	9b 81       	ldd	r25, Y+3	; 0x03
    1f42:	fc 01       	movw	r30, r24
    1f44:	e2 0f       	add	r30, r18
    1f46:	f3 1f       	adc	r31, r19
    1f48:	80 81       	ld	r24, Z
    1f4a:	0e 94 9d 0d 	call	0x1b3a	; 0x1b3a <LCD_displayCharacter>
		i++;
    1f4e:	89 81       	ldd	r24, Y+1	; 0x01
    1f50:	8f 5f       	subi	r24, 0xFF	; 255
    1f52:	89 83       	std	Y+1, r24	; 0x01
void LCD_displayString(const uint8 *str)
{

	uint8 i=0;

	while(str[i] != '\0')
    1f54:	89 81       	ldd	r24, Y+1	; 0x01
    1f56:	28 2f       	mov	r18, r24
    1f58:	30 e0       	ldi	r19, 0x00	; 0
    1f5a:	8a 81       	ldd	r24, Y+2	; 0x02
    1f5c:	9b 81       	ldd	r25, Y+3	; 0x03
    1f5e:	fc 01       	movw	r30, r24
    1f60:	e2 0f       	add	r30, r18
    1f62:	f3 1f       	adc	r31, r19
    1f64:	80 81       	ld	r24, Z
    1f66:	88 23       	and	r24, r24
    1f68:	39 f7       	brne	.-50     	; 0x1f38 <LCD_displayString+0x14>
	{
		LCD_displayCharacter(str[i]);
		i++;
	}

}
    1f6a:	0f 90       	pop	r0
    1f6c:	0f 90       	pop	r0
    1f6e:	0f 90       	pop	r0
    1f70:	cf 91       	pop	r28
    1f72:	df 91       	pop	r29
    1f74:	08 95       	ret

00001f76 <LCD_moveCursor>:


void LCD_moveCursor(uint8 row, uint8 col)
{
    1f76:	df 93       	push	r29
    1f78:	cf 93       	push	r28
    1f7a:	00 d0       	rcall	.+0      	; 0x1f7c <LCD_moveCursor+0x6>
    1f7c:	00 d0       	rcall	.+0      	; 0x1f7e <LCD_moveCursor+0x8>
    1f7e:	0f 92       	push	r0
    1f80:	cd b7       	in	r28, 0x3d	; 61
    1f82:	de b7       	in	r29, 0x3e	; 62
    1f84:	8a 83       	std	Y+2, r24	; 0x02
    1f86:	6b 83       	std	Y+3, r22	; 0x03
	uint8 location;

	switch(row)
    1f88:	8a 81       	ldd	r24, Y+2	; 0x02
    1f8a:	28 2f       	mov	r18, r24
    1f8c:	30 e0       	ldi	r19, 0x00	; 0
    1f8e:	3d 83       	std	Y+5, r19	; 0x05
    1f90:	2c 83       	std	Y+4, r18	; 0x04
    1f92:	8c 81       	ldd	r24, Y+4	; 0x04
    1f94:	9d 81       	ldd	r25, Y+5	; 0x05
    1f96:	81 30       	cpi	r24, 0x01	; 1
    1f98:	91 05       	cpc	r25, r1
    1f9a:	c1 f0       	breq	.+48     	; 0x1fcc <LCD_moveCursor+0x56>
    1f9c:	2c 81       	ldd	r18, Y+4	; 0x04
    1f9e:	3d 81       	ldd	r19, Y+5	; 0x05
    1fa0:	22 30       	cpi	r18, 0x02	; 2
    1fa2:	31 05       	cpc	r19, r1
    1fa4:	2c f4       	brge	.+10     	; 0x1fb0 <LCD_moveCursor+0x3a>
    1fa6:	8c 81       	ldd	r24, Y+4	; 0x04
    1fa8:	9d 81       	ldd	r25, Y+5	; 0x05
    1faa:	00 97       	sbiw	r24, 0x00	; 0
    1fac:	61 f0       	breq	.+24     	; 0x1fc6 <LCD_moveCursor+0x50>
    1fae:	19 c0       	rjmp	.+50     	; 0x1fe2 <LCD_moveCursor+0x6c>
    1fb0:	2c 81       	ldd	r18, Y+4	; 0x04
    1fb2:	3d 81       	ldd	r19, Y+5	; 0x05
    1fb4:	22 30       	cpi	r18, 0x02	; 2
    1fb6:	31 05       	cpc	r19, r1
    1fb8:	69 f0       	breq	.+26     	; 0x1fd4 <LCD_moveCursor+0x5e>
    1fba:	8c 81       	ldd	r24, Y+4	; 0x04
    1fbc:	9d 81       	ldd	r25, Y+5	; 0x05
    1fbe:	83 30       	cpi	r24, 0x03	; 3
    1fc0:	91 05       	cpc	r25, r1
    1fc2:	61 f0       	breq	.+24     	; 0x1fdc <LCD_moveCursor+0x66>
    1fc4:	0e c0       	rjmp	.+28     	; 0x1fe2 <LCD_moveCursor+0x6c>
	{
		case 0:
			location = col;
    1fc6:	8b 81       	ldd	r24, Y+3	; 0x03
    1fc8:	89 83       	std	Y+1, r24	; 0x01
    1fca:	0b c0       	rjmp	.+22     	; 0x1fe2 <LCD_moveCursor+0x6c>
			break;

		case 1:
			location = col+0x40;
    1fcc:	8b 81       	ldd	r24, Y+3	; 0x03
    1fce:	80 5c       	subi	r24, 0xC0	; 192
    1fd0:	89 83       	std	Y+1, r24	; 0x01
    1fd2:	07 c0       	rjmp	.+14     	; 0x1fe2 <LCD_moveCursor+0x6c>
			break;

		case 2:
			location = col+0x10;
    1fd4:	8b 81       	ldd	r24, Y+3	; 0x03
    1fd6:	80 5f       	subi	r24, 0xF0	; 240
    1fd8:	89 83       	std	Y+1, r24	; 0x01
    1fda:	03 c0       	rjmp	.+6      	; 0x1fe2 <LCD_moveCursor+0x6c>
			break;

		case 3:
			location = col+0x50;
    1fdc:	8b 81       	ldd	r24, Y+3	; 0x03
    1fde:	80 5b       	subi	r24, 0xB0	; 176
    1fe0:	89 83       	std	Y+1, r24	; 0x01
			break;

	}

	LCD_sendCommand(location | LCD_SET_CURSOR_LOCATION);
    1fe2:	89 81       	ldd	r24, Y+1	; 0x01
    1fe4:	80 68       	ori	r24, 0x80	; 128
    1fe6:	0e 94 a8 0b 	call	0x1750	; 0x1750 <LCD_sendCommand>

}
    1fea:	0f 90       	pop	r0
    1fec:	0f 90       	pop	r0
    1fee:	0f 90       	pop	r0
    1ff0:	0f 90       	pop	r0
    1ff2:	0f 90       	pop	r0
    1ff4:	cf 91       	pop	r28
    1ff6:	df 91       	pop	r29
    1ff8:	08 95       	ret

00001ffa <LCD_displayStringRowColumn>:

void LCD_displayStringRowColumn(uint8 row, uint8 col, const uint8 *str)
{
    1ffa:	df 93       	push	r29
    1ffc:	cf 93       	push	r28
    1ffe:	00 d0       	rcall	.+0      	; 0x2000 <LCD_displayStringRowColumn+0x6>
    2000:	00 d0       	rcall	.+0      	; 0x2002 <LCD_displayStringRowColumn+0x8>
    2002:	cd b7       	in	r28, 0x3d	; 61
    2004:	de b7       	in	r29, 0x3e	; 62
    2006:	89 83       	std	Y+1, r24	; 0x01
    2008:	6a 83       	std	Y+2, r22	; 0x02
    200a:	5c 83       	std	Y+4, r21	; 0x04
    200c:	4b 83       	std	Y+3, r20	; 0x03

	LCD_moveCursor(row, col);
    200e:	89 81       	ldd	r24, Y+1	; 0x01
    2010:	6a 81       	ldd	r22, Y+2	; 0x02
    2012:	0e 94 bb 0f 	call	0x1f76	; 0x1f76 <LCD_moveCursor>

	LCD_displayString(str);
    2016:	8b 81       	ldd	r24, Y+3	; 0x03
    2018:	9c 81       	ldd	r25, Y+4	; 0x04
    201a:	0e 94 92 0f 	call	0x1f24	; 0x1f24 <LCD_displayString>

}
    201e:	0f 90       	pop	r0
    2020:	0f 90       	pop	r0
    2022:	0f 90       	pop	r0
    2024:	0f 90       	pop	r0
    2026:	cf 91       	pop	r28
    2028:	df 91       	pop	r29
    202a:	08 95       	ret

0000202c <LCD_clearScreen>:


void LCD_clearScreen(void)
{
    202c:	df 93       	push	r29
    202e:	cf 93       	push	r28
    2030:	cd b7       	in	r28, 0x3d	; 61
    2032:	de b7       	in	r29, 0x3e	; 62

	LCD_sendCommand(LCD_CLEAR_COMMAND);
    2034:	81 e0       	ldi	r24, 0x01	; 1
    2036:	0e 94 a8 0b 	call	0x1750	; 0x1750 <LCD_sendCommand>
}
    203a:	cf 91       	pop	r28
    203c:	df 91       	pop	r29
    203e:	08 95       	ret

00002040 <LCD_integerToString>:



void LCD_integerToString(int data)
{
    2040:	df 93       	push	r29
    2042:	cf 93       	push	r28
    2044:	cd b7       	in	r28, 0x3d	; 61
    2046:	de b7       	in	r29, 0x3e	; 62
    2048:	68 97       	sbiw	r28, 0x18	; 24
    204a:	0f b6       	in	r0, 0x3f	; 63
    204c:	f8 94       	cli
    204e:	de bf       	out	0x3e, r29	; 62
    2050:	0f be       	out	0x3f, r0	; 63
    2052:	cd bf       	out	0x3d, r28	; 61
    2054:	98 8f       	std	Y+24, r25	; 0x18
    2056:	8f 8b       	std	Y+23, r24	; 0x17

	uint8 buff[20];

	uint8 reminder=0;
    2058:	1a 82       	std	Y+2, r1	; 0x02
	uint8 i=0;
    205a:	19 82       	std	Y+1, r1	; 0x01

	if(data != 0)
    205c:	8f 89       	ldd	r24, Y+23	; 0x17
    205e:	98 8d       	ldd	r25, Y+24	; 0x18
    2060:	00 97       	sbiw	r24, 0x00	; 0
    2062:	c1 f1       	breq	.+112    	; 0x20d4 <LCD_integerToString+0x94>
    2064:	21 c0       	rjmp	.+66     	; 0x20a8 <LCD_integerToString+0x68>
	{
		while(data != 0)
		{
			reminder = data % 10;
    2066:	8f 89       	ldd	r24, Y+23	; 0x17
    2068:	98 8d       	ldd	r25, Y+24	; 0x18
    206a:	2a e0       	ldi	r18, 0x0A	; 10
    206c:	30 e0       	ldi	r19, 0x00	; 0
    206e:	b9 01       	movw	r22, r18
    2070:	0e 94 38 12 	call	0x2470	; 0x2470 <__divmodhi4>
    2074:	8a 83       	std	Y+2, r24	; 0x02
			data /= 10;
    2076:	8f 89       	ldd	r24, Y+23	; 0x17
    2078:	98 8d       	ldd	r25, Y+24	; 0x18
    207a:	2a e0       	ldi	r18, 0x0A	; 10
    207c:	30 e0       	ldi	r19, 0x00	; 0
    207e:	b9 01       	movw	r22, r18
    2080:	0e 94 38 12 	call	0x2470	; 0x2470 <__divmodhi4>
    2084:	cb 01       	movw	r24, r22
    2086:	98 8f       	std	Y+24, r25	; 0x18
    2088:	8f 8b       	std	Y+23, r24	; 0x17

			buff[i] = reminder +'0';
    208a:	89 81       	ldd	r24, Y+1	; 0x01
    208c:	28 2f       	mov	r18, r24
    208e:	30 e0       	ldi	r19, 0x00	; 0
    2090:	8a 81       	ldd	r24, Y+2	; 0x02
    2092:	48 2f       	mov	r20, r24
    2094:	40 5d       	subi	r20, 0xD0	; 208
    2096:	ce 01       	movw	r24, r28
    2098:	03 96       	adiw	r24, 0x03	; 3
    209a:	fc 01       	movw	r30, r24
    209c:	e2 0f       	add	r30, r18
    209e:	f3 1f       	adc	r31, r19
    20a0:	40 83       	st	Z, r20

			i++;
    20a2:	89 81       	ldd	r24, Y+1	; 0x01
    20a4:	8f 5f       	subi	r24, 0xFF	; 255
    20a6:	89 83       	std	Y+1, r24	; 0x01
	uint8 reminder=0;
	uint8 i=0;

	if(data != 0)
	{
		while(data != 0)
    20a8:	8f 89       	ldd	r24, Y+23	; 0x17
    20aa:	98 8d       	ldd	r25, Y+24	; 0x18
    20ac:	00 97       	sbiw	r24, 0x00	; 0
    20ae:	d9 f6       	brne	.-74     	; 0x2066 <LCD_integerToString+0x26>
			buff[i] = reminder +'0';

			i++;
		}

		buff[i] = '\0';
    20b0:	89 81       	ldd	r24, Y+1	; 0x01
    20b2:	28 2f       	mov	r18, r24
    20b4:	30 e0       	ldi	r19, 0x00	; 0
    20b6:	ce 01       	movw	r24, r28
    20b8:	03 96       	adiw	r24, 0x03	; 3
    20ba:	fc 01       	movw	r30, r24
    20bc:	e2 0f       	add	r30, r18
    20be:	f3 1f       	adc	r31, r19
    20c0:	10 82       	st	Z, r1

		reverseString(buff);
    20c2:	ce 01       	movw	r24, r28
    20c4:	03 96       	adiw	r24, 0x03	; 3
    20c6:	0e 94 a2 10 	call	0x2144	; 0x2144 <reverseString>

		LCD_displayString(buff);
    20ca:	ce 01       	movw	r24, r28
    20cc:	03 96       	adiw	r24, 0x03	; 3
    20ce:	0e 94 92 0f 	call	0x1f24	; 0x1f24 <LCD_displayString>
    20d2:	0b c0       	rjmp	.+22     	; 0x20ea <LCD_integerToString+0xaa>

		return;
	}

	if(data == 0)
    20d4:	8f 89       	ldd	r24, Y+23	; 0x17
    20d6:	98 8d       	ldd	r25, Y+24	; 0x18
    20d8:	00 97       	sbiw	r24, 0x00	; 0
    20da:	39 f4       	brne	.+14     	; 0x20ea <LCD_integerToString+0xaa>
	{
		buff[0] = '0';
    20dc:	80 e3       	ldi	r24, 0x30	; 48
    20de:	8b 83       	std	Y+3, r24	; 0x03
		buff[1] = '\0';
    20e0:	1c 82       	std	Y+4, r1	; 0x04
		LCD_displayString(buff);
    20e2:	ce 01       	movw	r24, r28
    20e4:	03 96       	adiw	r24, 0x03	; 3
    20e6:	0e 94 92 0f 	call	0x1f24	; 0x1f24 <LCD_displayString>
	}

}
    20ea:	68 96       	adiw	r28, 0x18	; 24
    20ec:	0f b6       	in	r0, 0x3f	; 63
    20ee:	f8 94       	cli
    20f0:	de bf       	out	0x3e, r29	; 62
    20f2:	0f be       	out	0x3f, r0	; 63
    20f4:	cd bf       	out	0x3d, r28	; 61
    20f6:	cf 91       	pop	r28
    20f8:	df 91       	pop	r29
    20fa:	08 95       	ret

000020fc <stringLength>:




static uint8 stringLength(const uint8 *str)
{
    20fc:	df 93       	push	r29
    20fe:	cf 93       	push	r28
    2100:	00 d0       	rcall	.+0      	; 0x2102 <stringLength+0x6>
    2102:	00 d0       	rcall	.+0      	; 0x2104 <stringLength+0x8>
    2104:	cd b7       	in	r28, 0x3d	; 61
    2106:	de b7       	in	r29, 0x3e	; 62
    2108:	9c 83       	std	Y+4, r25	; 0x04
    210a:	8b 83       	std	Y+3, r24	; 0x03
	uint8 count =0;
    210c:	1a 82       	std	Y+2, r1	; 0x02
	uint8 i=0;
    210e:	19 82       	std	Y+1, r1	; 0x01
    2110:	06 c0       	rjmp	.+12     	; 0x211e <stringLength+0x22>

	while(str[i] != '\0')
	{
		count++;
    2112:	8a 81       	ldd	r24, Y+2	; 0x02
    2114:	8f 5f       	subi	r24, 0xFF	; 255
    2116:	8a 83       	std	Y+2, r24	; 0x02
		i++;
    2118:	89 81       	ldd	r24, Y+1	; 0x01
    211a:	8f 5f       	subi	r24, 0xFF	; 255
    211c:	89 83       	std	Y+1, r24	; 0x01
static uint8 stringLength(const uint8 *str)
{
	uint8 count =0;
	uint8 i=0;

	while(str[i] != '\0')
    211e:	89 81       	ldd	r24, Y+1	; 0x01
    2120:	28 2f       	mov	r18, r24
    2122:	30 e0       	ldi	r19, 0x00	; 0
    2124:	8b 81       	ldd	r24, Y+3	; 0x03
    2126:	9c 81       	ldd	r25, Y+4	; 0x04
    2128:	fc 01       	movw	r30, r24
    212a:	e2 0f       	add	r30, r18
    212c:	f3 1f       	adc	r31, r19
    212e:	80 81       	ld	r24, Z
    2130:	88 23       	and	r24, r24
    2132:	79 f7       	brne	.-34     	; 0x2112 <stringLength+0x16>
	{
		count++;
		i++;
	}

	return count;
    2134:	8a 81       	ldd	r24, Y+2	; 0x02
}
    2136:	0f 90       	pop	r0
    2138:	0f 90       	pop	r0
    213a:	0f 90       	pop	r0
    213c:	0f 90       	pop	r0
    213e:	cf 91       	pop	r28
    2140:	df 91       	pop	r29
    2142:	08 95       	ret

00002144 <reverseString>:

static void reverseString(uint8 *str)
{
    2144:	df 93       	push	r29
    2146:	cf 93       	push	r28
    2148:	00 d0       	rcall	.+0      	; 0x214a <reverseString+0x6>
    214a:	00 d0       	rcall	.+0      	; 0x214c <reverseString+0x8>
    214c:	0f 92       	push	r0
    214e:	cd b7       	in	r28, 0x3d	; 61
    2150:	de b7       	in	r29, 0x3e	; 62
    2152:	9d 83       	std	Y+5, r25	; 0x05
    2154:	8c 83       	std	Y+4, r24	; 0x04

	uint8 temp;
	uint8 i=0;
    2156:	1a 82       	std	Y+2, r1	; 0x02
	uint8 j;

	j= stringLength(str) - 1;
    2158:	8c 81       	ldd	r24, Y+4	; 0x04
    215a:	9d 81       	ldd	r25, Y+5	; 0x05
    215c:	0e 94 7e 10 	call	0x20fc	; 0x20fc <stringLength>
    2160:	81 50       	subi	r24, 0x01	; 1
    2162:	89 83       	std	Y+1, r24	; 0x01
    2164:	2c c0       	rjmp	.+88     	; 0x21be <reverseString+0x7a>

	while(i<j)
	{

		temp = str[i];
    2166:	8a 81       	ldd	r24, Y+2	; 0x02
    2168:	28 2f       	mov	r18, r24
    216a:	30 e0       	ldi	r19, 0x00	; 0
    216c:	8c 81       	ldd	r24, Y+4	; 0x04
    216e:	9d 81       	ldd	r25, Y+5	; 0x05
    2170:	fc 01       	movw	r30, r24
    2172:	e2 0f       	add	r30, r18
    2174:	f3 1f       	adc	r31, r19
    2176:	80 81       	ld	r24, Z
    2178:	8b 83       	std	Y+3, r24	; 0x03

		str[i] = str[j];
    217a:	8a 81       	ldd	r24, Y+2	; 0x02
    217c:	28 2f       	mov	r18, r24
    217e:	30 e0       	ldi	r19, 0x00	; 0
    2180:	8c 81       	ldd	r24, Y+4	; 0x04
    2182:	9d 81       	ldd	r25, Y+5	; 0x05
    2184:	dc 01       	movw	r26, r24
    2186:	a2 0f       	add	r26, r18
    2188:	b3 1f       	adc	r27, r19
    218a:	89 81       	ldd	r24, Y+1	; 0x01
    218c:	28 2f       	mov	r18, r24
    218e:	30 e0       	ldi	r19, 0x00	; 0
    2190:	8c 81       	ldd	r24, Y+4	; 0x04
    2192:	9d 81       	ldd	r25, Y+5	; 0x05
    2194:	fc 01       	movw	r30, r24
    2196:	e2 0f       	add	r30, r18
    2198:	f3 1f       	adc	r31, r19
    219a:	80 81       	ld	r24, Z
    219c:	8c 93       	st	X, r24

		str[j] = temp;
    219e:	89 81       	ldd	r24, Y+1	; 0x01
    21a0:	28 2f       	mov	r18, r24
    21a2:	30 e0       	ldi	r19, 0x00	; 0
    21a4:	8c 81       	ldd	r24, Y+4	; 0x04
    21a6:	9d 81       	ldd	r25, Y+5	; 0x05
    21a8:	fc 01       	movw	r30, r24
    21aa:	e2 0f       	add	r30, r18
    21ac:	f3 1f       	adc	r31, r19
    21ae:	8b 81       	ldd	r24, Y+3	; 0x03
    21b0:	80 83       	st	Z, r24

		i++;
    21b2:	8a 81       	ldd	r24, Y+2	; 0x02
    21b4:	8f 5f       	subi	r24, 0xFF	; 255
    21b6:	8a 83       	std	Y+2, r24	; 0x02
		j--;
    21b8:	89 81       	ldd	r24, Y+1	; 0x01
    21ba:	81 50       	subi	r24, 0x01	; 1
    21bc:	89 83       	std	Y+1, r24	; 0x01
	uint8 i=0;
	uint8 j;

	j= stringLength(str) - 1;

	while(i<j)
    21be:	9a 81       	ldd	r25, Y+2	; 0x02
    21c0:	89 81       	ldd	r24, Y+1	; 0x01
    21c2:	98 17       	cp	r25, r24
    21c4:	80 f2       	brcs	.-96     	; 0x2166 <reverseString+0x22>
		str[j] = temp;

		i++;
		j--;
	}
}
    21c6:	0f 90       	pop	r0
    21c8:	0f 90       	pop	r0
    21ca:	0f 90       	pop	r0
    21cc:	0f 90       	pop	r0
    21ce:	0f 90       	pop	r0
    21d0:	cf 91       	pop	r28
    21d2:	df 91       	pop	r29
    21d4:	08 95       	ret

000021d6 <Ultrasonic_edgeProcessing>:
/******************************************
 * 			Private Functions
 *****************************************/

static void Ultrasonic_edgeProcessing(void)
{
    21d6:	df 93       	push	r29
    21d8:	cf 93       	push	r28
    21da:	cd b7       	in	r28, 0x3d	; 61
    21dc:	de b7       	in	r29, 0x3e	; 62

	pulse_time++;
    21de:	80 91 7a 01 	lds	r24, 0x017A
    21e2:	8f 5f       	subi	r24, 0xFF	; 255
    21e4:	80 93 7a 01 	sts	0x017A, r24
	if(pulse_time==ULTRASONIC_FIRST_CAPTURE)
    21e8:	80 91 7a 01 	lds	r24, 0x017A
    21ec:	81 30       	cpi	r24, 0x01	; 1
    21ee:	31 f4       	brne	.+12     	; 0x21fc <Ultrasonic_edgeProcessing+0x26>
	{
		ICU_clearTimer();
    21f0:	0e 94 5e 0b 	call	0x16bc	; 0x16bc <ICU_clearTimer>
		ICU_setEdgeDetectionType(FALLING);
    21f4:	80 e0       	ldi	r24, 0x00	; 0
    21f6:	0e 94 34 0b 	call	0x1668	; 0x1668 <ICU_setEdgeDetectionType>
    21fa:	0d c0       	rjmp	.+26     	; 0x2216 <Ultrasonic_edgeProcessing+0x40>
	}
	else if(pulse_time==ULTRASONIC_SECOND_CAPTURE)
    21fc:	80 91 7a 01 	lds	r24, 0x017A
    2200:	82 30       	cpi	r24, 0x02	; 2
    2202:	49 f4       	brne	.+18     	; 0x2216 <Ultrasonic_edgeProcessing+0x40>
	{
		time_value=ICU_getInputCaptureValue();
    2204:	0e 94 53 0b 	call	0x16a6	; 0x16a6 <ICU_getInputCaptureValue>
    2208:	90 93 7c 01 	sts	0x017C, r25
    220c:	80 93 7b 01 	sts	0x017B, r24
		ICU_setEdgeDetectionType(RISING);
    2210:	81 e0       	ldi	r24, 0x01	; 1
    2212:	0e 94 34 0b 	call	0x1668	; 0x1668 <ICU_setEdgeDetectionType>
	}

}
    2216:	cf 91       	pop	r28
    2218:	df 91       	pop	r29
    221a:	08 95       	ret

0000221c <Ultrasonic_Trigger>:


static void Ultrasonic_Trigger(void)
{
    221c:	df 93       	push	r29
    221e:	cf 93       	push	r28
    2220:	cd b7       	in	r28, 0x3d	; 61
    2222:	de b7       	in	r29, 0x3e	; 62
    2224:	68 97       	sbiw	r28, 0x18	; 24
    2226:	0f b6       	in	r0, 0x3f	; 63
    2228:	f8 94       	cli
    222a:	de bf       	out	0x3e, r29	; 62
    222c:	0f be       	out	0x3f, r0	; 63
    222e:	cd bf       	out	0x3d, r28	; 61

	GPIO_writePin(ULTRASONIC_TRIG_PORT_ID, ULTRASONIC_TRIG_PIN_ID, LOGIC_HIGH);
    2230:	81 e0       	ldi	r24, 0x01	; 1
    2232:	65 e0       	ldi	r22, 0x05	; 5
    2234:	41 e0       	ldi	r20, 0x01	; 1
    2236:	0e 94 3f 08 	call	0x107e	; 0x107e <GPIO_writePin>
    223a:	80 e0       	ldi	r24, 0x00	; 0
    223c:	90 e0       	ldi	r25, 0x00	; 0
    223e:	a0 e2       	ldi	r26, 0x20	; 32
    2240:	b1 e4       	ldi	r27, 0x41	; 65
    2242:	8d 8b       	std	Y+21, r24	; 0x15
    2244:	9e 8b       	std	Y+22, r25	; 0x16
    2246:	af 8b       	std	Y+23, r26	; 0x17
    2248:	b8 8f       	std	Y+24, r27	; 0x18
 */
void
_delay_us(double __us)
{
	uint8_t __ticks;
	double __tmp = ((F_CPU) / 3e6) * __us;
    224a:	6d 89       	ldd	r22, Y+21	; 0x15
    224c:	7e 89       	ldd	r23, Y+22	; 0x16
    224e:	8f 89       	ldd	r24, Y+23	; 0x17
    2250:	98 8d       	ldd	r25, Y+24	; 0x18
    2252:	2b ea       	ldi	r18, 0xAB	; 171
    2254:	3a ea       	ldi	r19, 0xAA	; 170
    2256:	4a ea       	ldi	r20, 0xAA	; 170
    2258:	5e e3       	ldi	r21, 0x3E	; 62
    225a:	0e 94 1f 02 	call	0x43e	; 0x43e <__mulsf3>
    225e:	dc 01       	movw	r26, r24
    2260:	cb 01       	movw	r24, r22
    2262:	89 8b       	std	Y+17, r24	; 0x11
    2264:	9a 8b       	std	Y+18, r25	; 0x12
    2266:	ab 8b       	std	Y+19, r26	; 0x13
    2268:	bc 8b       	std	Y+20, r27	; 0x14
	if (__tmp < 1.0)
    226a:	69 89       	ldd	r22, Y+17	; 0x11
    226c:	7a 89       	ldd	r23, Y+18	; 0x12
    226e:	8b 89       	ldd	r24, Y+19	; 0x13
    2270:	9c 89       	ldd	r25, Y+20	; 0x14
    2272:	20 e0       	ldi	r18, 0x00	; 0
    2274:	30 e0       	ldi	r19, 0x00	; 0
    2276:	40 e8       	ldi	r20, 0x80	; 128
    2278:	5f e3       	ldi	r21, 0x3F	; 63
    227a:	0e 94 25 04 	call	0x84a	; 0x84a <__ltsf2>
    227e:	88 23       	and	r24, r24
    2280:	1c f4       	brge	.+6      	; 0x2288 <Ultrasonic_Trigger+0x6c>
		__ticks = 1;
    2282:	81 e0       	ldi	r24, 0x01	; 1
    2284:	88 8b       	std	Y+16, r24	; 0x10
    2286:	91 c0       	rjmp	.+290    	; 0x23aa <Ultrasonic_Trigger+0x18e>
	else if (__tmp > 255)
    2288:	69 89       	ldd	r22, Y+17	; 0x11
    228a:	7a 89       	ldd	r23, Y+18	; 0x12
    228c:	8b 89       	ldd	r24, Y+19	; 0x13
    228e:	9c 89       	ldd	r25, Y+20	; 0x14
    2290:	20 e0       	ldi	r18, 0x00	; 0
    2292:	30 e0       	ldi	r19, 0x00	; 0
    2294:	4f e7       	ldi	r20, 0x7F	; 127
    2296:	53 e4       	ldi	r21, 0x43	; 67
    2298:	0e 94 c5 03 	call	0x78a	; 0x78a <__gtsf2>
    229c:	18 16       	cp	r1, r24
    229e:	0c f0       	brlt	.+2      	; 0x22a2 <Ultrasonic_Trigger+0x86>
    22a0:	7b c0       	rjmp	.+246    	; 0x2398 <Ultrasonic_Trigger+0x17c>
	{
		_delay_ms(__us / 1000.0);
    22a2:	6d 89       	ldd	r22, Y+21	; 0x15
    22a4:	7e 89       	ldd	r23, Y+22	; 0x16
    22a6:	8f 89       	ldd	r24, Y+23	; 0x17
    22a8:	98 8d       	ldd	r25, Y+24	; 0x18
    22aa:	20 e0       	ldi	r18, 0x00	; 0
    22ac:	30 e0       	ldi	r19, 0x00	; 0
    22ae:	4a e7       	ldi	r20, 0x7A	; 122
    22b0:	54 e4       	ldi	r21, 0x44	; 68
    22b2:	0e 94 19 03 	call	0x632	; 0x632 <__divsf3>
    22b6:	dc 01       	movw	r26, r24
    22b8:	cb 01       	movw	r24, r22
    22ba:	8c 87       	std	Y+12, r24	; 0x0c
    22bc:	9d 87       	std	Y+13, r25	; 0x0d
    22be:	ae 87       	std	Y+14, r26	; 0x0e
    22c0:	bf 87       	std	Y+15, r27	; 0x0f
 */
void
_delay_ms(double __ms)
{
	uint16_t __ticks;
	double __tmp = ((F_CPU) / 4e3) * __ms;
    22c2:	6c 85       	ldd	r22, Y+12	; 0x0c
    22c4:	7d 85       	ldd	r23, Y+13	; 0x0d
    22c6:	8e 85       	ldd	r24, Y+14	; 0x0e
    22c8:	9f 85       	ldd	r25, Y+15	; 0x0f
    22ca:	20 e0       	ldi	r18, 0x00	; 0
    22cc:	30 e0       	ldi	r19, 0x00	; 0
    22ce:	4a e7       	ldi	r20, 0x7A	; 122
    22d0:	53 e4       	ldi	r21, 0x43	; 67
    22d2:	0e 94 1f 02 	call	0x43e	; 0x43e <__mulsf3>
    22d6:	dc 01       	movw	r26, r24
    22d8:	cb 01       	movw	r24, r22
    22da:	88 87       	std	Y+8, r24	; 0x08
    22dc:	99 87       	std	Y+9, r25	; 0x09
    22de:	aa 87       	std	Y+10, r26	; 0x0a
    22e0:	bb 87       	std	Y+11, r27	; 0x0b
	if (__tmp < 1.0)
    22e2:	68 85       	ldd	r22, Y+8	; 0x08
    22e4:	79 85       	ldd	r23, Y+9	; 0x09
    22e6:	8a 85       	ldd	r24, Y+10	; 0x0a
    22e8:	9b 85       	ldd	r25, Y+11	; 0x0b
    22ea:	20 e0       	ldi	r18, 0x00	; 0
    22ec:	30 e0       	ldi	r19, 0x00	; 0
    22ee:	40 e8       	ldi	r20, 0x80	; 128
    22f0:	5f e3       	ldi	r21, 0x3F	; 63
    22f2:	0e 94 25 04 	call	0x84a	; 0x84a <__ltsf2>
    22f6:	88 23       	and	r24, r24
    22f8:	2c f4       	brge	.+10     	; 0x2304 <Ultrasonic_Trigger+0xe8>
		__ticks = 1;
    22fa:	81 e0       	ldi	r24, 0x01	; 1
    22fc:	90 e0       	ldi	r25, 0x00	; 0
    22fe:	9f 83       	std	Y+7, r25	; 0x07
    2300:	8e 83       	std	Y+6, r24	; 0x06
    2302:	3f c0       	rjmp	.+126    	; 0x2382 <Ultrasonic_Trigger+0x166>
	else if (__tmp > 65535)
    2304:	68 85       	ldd	r22, Y+8	; 0x08
    2306:	79 85       	ldd	r23, Y+9	; 0x09
    2308:	8a 85       	ldd	r24, Y+10	; 0x0a
    230a:	9b 85       	ldd	r25, Y+11	; 0x0b
    230c:	20 e0       	ldi	r18, 0x00	; 0
    230e:	3f ef       	ldi	r19, 0xFF	; 255
    2310:	4f e7       	ldi	r20, 0x7F	; 127
    2312:	57 e4       	ldi	r21, 0x47	; 71
    2314:	0e 94 c5 03 	call	0x78a	; 0x78a <__gtsf2>
    2318:	18 16       	cp	r1, r24
    231a:	4c f5       	brge	.+82     	; 0x236e <Ultrasonic_Trigger+0x152>
	{
		//	__ticks = requested delay in 1/10 ms
		__ticks = (uint16_t) (__ms * 10.0);
    231c:	6c 85       	ldd	r22, Y+12	; 0x0c
    231e:	7d 85       	ldd	r23, Y+13	; 0x0d
    2320:	8e 85       	ldd	r24, Y+14	; 0x0e
    2322:	9f 85       	ldd	r25, Y+15	; 0x0f
    2324:	20 e0       	ldi	r18, 0x00	; 0
    2326:	30 e0       	ldi	r19, 0x00	; 0
    2328:	40 e2       	ldi	r20, 0x20	; 32
    232a:	51 e4       	ldi	r21, 0x41	; 65
    232c:	0e 94 1f 02 	call	0x43e	; 0x43e <__mulsf3>
    2330:	dc 01       	movw	r26, r24
    2332:	cb 01       	movw	r24, r22
    2334:	bc 01       	movw	r22, r24
    2336:	cd 01       	movw	r24, r26
    2338:	0e 94 49 00 	call	0x92	; 0x92 <__fixunssfsi>
    233c:	dc 01       	movw	r26, r24
    233e:	cb 01       	movw	r24, r22
    2340:	9f 83       	std	Y+7, r25	; 0x07
    2342:	8e 83       	std	Y+6, r24	; 0x06
    2344:	0f c0       	rjmp	.+30     	; 0x2364 <Ultrasonic_Trigger+0x148>
    2346:	89 e1       	ldi	r24, 0x19	; 25
    2348:	90 e0       	ldi	r25, 0x00	; 0
    234a:	9d 83       	std	Y+5, r25	; 0x05
    234c:	8c 83       	std	Y+4, r24	; 0x04
    234e:	8c 81       	ldd	r24, Y+4	; 0x04
    2350:	9d 81       	ldd	r25, Y+5	; 0x05
    2352:	01 97       	sbiw	r24, 0x01	; 1
    2354:	f1 f7       	brne	.-4      	; 0x2352 <Ultrasonic_Trigger+0x136>
    2356:	9d 83       	std	Y+5, r25	; 0x05
    2358:	8c 83       	std	Y+4, r24	; 0x04
		while(__ticks)
		{
			// wait 1/10 ms
			_delay_loop_2(((F_CPU) / 4e3) / 10);
			__ticks --;
    235a:	8e 81       	ldd	r24, Y+6	; 0x06
    235c:	9f 81       	ldd	r25, Y+7	; 0x07
    235e:	01 97       	sbiw	r24, 0x01	; 1
    2360:	9f 83       	std	Y+7, r25	; 0x07
    2362:	8e 83       	std	Y+6, r24	; 0x06
		__ticks = 1;
	else if (__tmp > 65535)
	{
		//	__ticks = requested delay in 1/10 ms
		__ticks = (uint16_t) (__ms * 10.0);
		while(__ticks)
    2364:	8e 81       	ldd	r24, Y+6	; 0x06
    2366:	9f 81       	ldd	r25, Y+7	; 0x07
    2368:	00 97       	sbiw	r24, 0x00	; 0
    236a:	69 f7       	brne	.-38     	; 0x2346 <Ultrasonic_Trigger+0x12a>
    236c:	24 c0       	rjmp	.+72     	; 0x23b6 <Ultrasonic_Trigger+0x19a>
			__ticks --;
		}
		return;
	}
	else
		__ticks = (uint16_t)__tmp;
    236e:	68 85       	ldd	r22, Y+8	; 0x08
    2370:	79 85       	ldd	r23, Y+9	; 0x09
    2372:	8a 85       	ldd	r24, Y+10	; 0x0a
    2374:	9b 85       	ldd	r25, Y+11	; 0x0b
    2376:	0e 94 49 00 	call	0x92	; 0x92 <__fixunssfsi>
    237a:	dc 01       	movw	r26, r24
    237c:	cb 01       	movw	r24, r22
    237e:	9f 83       	std	Y+7, r25	; 0x07
    2380:	8e 83       	std	Y+6, r24	; 0x06
    2382:	8e 81       	ldd	r24, Y+6	; 0x06
    2384:	9f 81       	ldd	r25, Y+7	; 0x07
    2386:	9b 83       	std	Y+3, r25	; 0x03
    2388:	8a 83       	std	Y+2, r24	; 0x02
    238a:	8a 81       	ldd	r24, Y+2	; 0x02
    238c:	9b 81       	ldd	r25, Y+3	; 0x03
    238e:	01 97       	sbiw	r24, 0x01	; 1
    2390:	f1 f7       	brne	.-4      	; 0x238e <Ultrasonic_Trigger+0x172>
    2392:	9b 83       	std	Y+3, r25	; 0x03
    2394:	8a 83       	std	Y+2, r24	; 0x02
    2396:	0f c0       	rjmp	.+30     	; 0x23b6 <Ultrasonic_Trigger+0x19a>
	{
		_delay_ms(__us / 1000.0);
		return;
	}
	else
		__ticks = (uint8_t)__tmp;
    2398:	69 89       	ldd	r22, Y+17	; 0x11
    239a:	7a 89       	ldd	r23, Y+18	; 0x12
    239c:	8b 89       	ldd	r24, Y+19	; 0x13
    239e:	9c 89       	ldd	r25, Y+20	; 0x14
    23a0:	0e 94 49 00 	call	0x92	; 0x92 <__fixunssfsi>
    23a4:	dc 01       	movw	r26, r24
    23a6:	cb 01       	movw	r24, r22
    23a8:	88 8b       	std	Y+16, r24	; 0x10
    23aa:	88 89       	ldd	r24, Y+16	; 0x10
    23ac:	89 83       	std	Y+1, r24	; 0x01
    can be achieved.
*/
void
_delay_loop_1(uint8_t __count)
{
	__asm__ volatile (
    23ae:	89 81       	ldd	r24, Y+1	; 0x01
    23b0:	8a 95       	dec	r24
    23b2:	f1 f7       	brne	.-4      	; 0x23b0 <Ultrasonic_Trigger+0x194>
    23b4:	89 83       	std	Y+1, r24	; 0x01
	_delay_us(10);
	GPIO_writePin(ULTRASONIC_TRIG_PORT_ID, ULTRASONIC_TRIG_PIN_ID, LOGIC_LOW);
    23b6:	81 e0       	ldi	r24, 0x01	; 1
    23b8:	65 e0       	ldi	r22, 0x05	; 5
    23ba:	40 e0       	ldi	r20, 0x00	; 0
    23bc:	0e 94 3f 08 	call	0x107e	; 0x107e <GPIO_writePin>

}
    23c0:	68 96       	adiw	r28, 0x18	; 24
    23c2:	0f b6       	in	r0, 0x3f	; 63
    23c4:	f8 94       	cli
    23c6:	de bf       	out	0x3e, r29	; 62
    23c8:	0f be       	out	0x3f, r0	; 63
    23ca:	cd bf       	out	0x3d, r28	; 61
    23cc:	cf 91       	pop	r28
    23ce:	df 91       	pop	r29
    23d0:	08 95       	ret

000023d2 <Ultrasonic_init>:
/******************************************
 * 			Public Functions
 *****************************************/

void Ultrasonic_init(void)
{
    23d2:	df 93       	push	r29
    23d4:	cf 93       	push	r28
    23d6:	00 d0       	rcall	.+0      	; 0x23d8 <Ultrasonic_init+0x6>
    23d8:	cd b7       	in	r28, 0x3d	; 61
    23da:	de b7       	in	r29, 0x3e	; 62
	ICU_configType config={RISING,CLK_8};
    23dc:	81 e0       	ldi	r24, 0x01	; 1
    23de:	89 83       	std	Y+1, r24	; 0x01
    23e0:	82 e0       	ldi	r24, 0x02	; 2
    23e2:	8a 83       	std	Y+2, r24	; 0x02

	GPIO_setupPinDirection(ULTRASONIC_TRIG_PORT_ID, ULTRASONIC_TRIG_PIN_ID, PIN_OUTPUT);
    23e4:	81 e0       	ldi	r24, 0x01	; 1
    23e6:	65 e0       	ldi	r22, 0x05	; 5
    23e8:	41 e0       	ldi	r20, 0x01	; 1
    23ea:	0e 94 54 07 	call	0xea8	; 0xea8 <GPIO_setupPinDirection>

	ICU_init(&config);
    23ee:	ce 01       	movw	r24, r28
    23f0:	01 96       	adiw	r24, 0x01	; 1
    23f2:	0e 94 db 0a 	call	0x15b6	; 0x15b6 <ICU_init>

	ICU_setupCallBack(Ultrasonic_edgeProcessing);
    23f6:	8b ee       	ldi	r24, 0xEB	; 235
    23f8:	90 e1       	ldi	r25, 0x10	; 16
    23fa:	0e 94 22 0b 	call	0x1644	; 0x1644 <ICU_setupCallBack>

}
    23fe:	0f 90       	pop	r0
    2400:	0f 90       	pop	r0
    2402:	cf 91       	pop	r28
    2404:	df 91       	pop	r29
    2406:	08 95       	ret

00002408 <Ultrasonic_readDistance>:


Ultrasonic_distanceValue Ultrasonic_readDistance(void)
{
    2408:	df 93       	push	r29
    240a:	cf 93       	push	r28
    240c:	cd b7       	in	r28, 0x3d	; 61
    240e:	de b7       	in	r29, 0x3e	; 62

	Ultrasonic_Trigger();
    2410:	0e 94 0e 11 	call	0x221c	; 0x221c <Ultrasonic_Trigger>

	while(pulse_time != ULTRASONIC_SECOND_CAPTURE){}
    2414:	80 91 7a 01 	lds	r24, 0x017A
    2418:	82 30       	cpi	r24, 0x02	; 2
    241a:	e1 f7       	brne	.-8      	; 0x2414 <Ultrasonic_readDistance+0xc>

	pulse_time = 0;
    241c:	10 92 7a 01 	sts	0x017A, r1

	distance = (uint16)(time_value/VALUE_TO_GET_CENTIMETER);
    2420:	80 91 7b 01 	lds	r24, 0x017B
    2424:	90 91 7c 01 	lds	r25, 0x017C
    2428:	cc 01       	movw	r24, r24
    242a:	a0 e0       	ldi	r26, 0x00	; 0
    242c:	b0 e0       	ldi	r27, 0x00	; 0
    242e:	bc 01       	movw	r22, r24
    2430:	cd 01       	movw	r24, r26
    2432:	0e 94 a9 04 	call	0x952	; 0x952 <__floatunsisf>
    2436:	dc 01       	movw	r26, r24
    2438:	cb 01       	movw	r24, r22
    243a:	bc 01       	movw	r22, r24
    243c:	cd 01       	movw	r24, r26
    243e:	23 e3       	ldi	r18, 0x33	; 51
    2440:	33 e3       	ldi	r19, 0x33	; 51
    2442:	47 e6       	ldi	r20, 0x67	; 103
    2444:	52 e4       	ldi	r21, 0x42	; 66
    2446:	0e 94 19 03 	call	0x632	; 0x632 <__divsf3>
    244a:	dc 01       	movw	r26, r24
    244c:	cb 01       	movw	r24, r22
    244e:	bc 01       	movw	r22, r24
    2450:	cd 01       	movw	r24, r26
    2452:	0e 94 49 00 	call	0x92	; 0x92 <__fixunssfsi>
    2456:	dc 01       	movw	r26, r24
    2458:	cb 01       	movw	r24, r22
    245a:	90 93 79 01 	sts	0x0179, r25
    245e:	80 93 78 01 	sts	0x0178, r24

	return distance;
    2462:	80 91 78 01 	lds	r24, 0x0178
    2466:	90 91 79 01 	lds	r25, 0x0179
}
    246a:	cf 91       	pop	r28
    246c:	df 91       	pop	r29
    246e:	08 95       	ret

00002470 <__divmodhi4>:
    2470:	97 fb       	bst	r25, 7
    2472:	09 2e       	mov	r0, r25
    2474:	07 26       	eor	r0, r23
    2476:	0a d0       	rcall	.+20     	; 0x248c <__divmodhi4_neg1>
    2478:	77 fd       	sbrc	r23, 7
    247a:	04 d0       	rcall	.+8      	; 0x2484 <__divmodhi4_neg2>
    247c:	0c d0       	rcall	.+24     	; 0x2496 <__udivmodhi4>
    247e:	06 d0       	rcall	.+12     	; 0x248c <__divmodhi4_neg1>
    2480:	00 20       	and	r0, r0
    2482:	1a f4       	brpl	.+6      	; 0x248a <__divmodhi4_exit>

00002484 <__divmodhi4_neg2>:
    2484:	70 95       	com	r23
    2486:	61 95       	neg	r22
    2488:	7f 4f       	sbci	r23, 0xFF	; 255

0000248a <__divmodhi4_exit>:
    248a:	08 95       	ret

0000248c <__divmodhi4_neg1>:
    248c:	f6 f7       	brtc	.-4      	; 0x248a <__divmodhi4_exit>
    248e:	90 95       	com	r25
    2490:	81 95       	neg	r24
    2492:	9f 4f       	sbci	r25, 0xFF	; 255
    2494:	08 95       	ret

00002496 <__udivmodhi4>:
    2496:	aa 1b       	sub	r26, r26
    2498:	bb 1b       	sub	r27, r27
    249a:	51 e1       	ldi	r21, 0x11	; 17
    249c:	07 c0       	rjmp	.+14     	; 0x24ac <__udivmodhi4_ep>

0000249e <__udivmodhi4_loop>:
    249e:	aa 1f       	adc	r26, r26
    24a0:	bb 1f       	adc	r27, r27
    24a2:	a6 17       	cp	r26, r22
    24a4:	b7 07       	cpc	r27, r23
    24a6:	10 f0       	brcs	.+4      	; 0x24ac <__udivmodhi4_ep>
    24a8:	a6 1b       	sub	r26, r22
    24aa:	b7 0b       	sbc	r27, r23

000024ac <__udivmodhi4_ep>:
    24ac:	88 1f       	adc	r24, r24
    24ae:	99 1f       	adc	r25, r25
    24b0:	5a 95       	dec	r21
    24b2:	a9 f7       	brne	.-22     	; 0x249e <__udivmodhi4_loop>
    24b4:	80 95       	com	r24
    24b6:	90 95       	com	r25
    24b8:	bc 01       	movw	r22, r24
    24ba:	cd 01       	movw	r24, r26
    24bc:	08 95       	ret

000024be <__prologue_saves__>:
    24be:	2f 92       	push	r2
    24c0:	3f 92       	push	r3
    24c2:	4f 92       	push	r4
    24c4:	5f 92       	push	r5
    24c6:	6f 92       	push	r6
    24c8:	7f 92       	push	r7
    24ca:	8f 92       	push	r8
    24cc:	9f 92       	push	r9
    24ce:	af 92       	push	r10
    24d0:	bf 92       	push	r11
    24d2:	cf 92       	push	r12
    24d4:	df 92       	push	r13
    24d6:	ef 92       	push	r14
    24d8:	ff 92       	push	r15
    24da:	0f 93       	push	r16
    24dc:	1f 93       	push	r17
    24de:	cf 93       	push	r28
    24e0:	df 93       	push	r29
    24e2:	cd b7       	in	r28, 0x3d	; 61
    24e4:	de b7       	in	r29, 0x3e	; 62
    24e6:	ca 1b       	sub	r28, r26
    24e8:	db 0b       	sbc	r29, r27
    24ea:	0f b6       	in	r0, 0x3f	; 63
    24ec:	f8 94       	cli
    24ee:	de bf       	out	0x3e, r29	; 62
    24f0:	0f be       	out	0x3f, r0	; 63
    24f2:	cd bf       	out	0x3d, r28	; 61
    24f4:	09 94       	ijmp

000024f6 <__epilogue_restores__>:
    24f6:	2a 88       	ldd	r2, Y+18	; 0x12
    24f8:	39 88       	ldd	r3, Y+17	; 0x11
    24fa:	48 88       	ldd	r4, Y+16	; 0x10
    24fc:	5f 84       	ldd	r5, Y+15	; 0x0f
    24fe:	6e 84       	ldd	r6, Y+14	; 0x0e
    2500:	7d 84       	ldd	r7, Y+13	; 0x0d
    2502:	8c 84       	ldd	r8, Y+12	; 0x0c
    2504:	9b 84       	ldd	r9, Y+11	; 0x0b
    2506:	aa 84       	ldd	r10, Y+10	; 0x0a
    2508:	b9 84       	ldd	r11, Y+9	; 0x09
    250a:	c8 84       	ldd	r12, Y+8	; 0x08
    250c:	df 80       	ldd	r13, Y+7	; 0x07
    250e:	ee 80       	ldd	r14, Y+6	; 0x06
    2510:	fd 80       	ldd	r15, Y+5	; 0x05
    2512:	0c 81       	ldd	r16, Y+4	; 0x04
    2514:	1b 81       	ldd	r17, Y+3	; 0x03
    2516:	aa 81       	ldd	r26, Y+2	; 0x02
    2518:	b9 81       	ldd	r27, Y+1	; 0x01
    251a:	ce 0f       	add	r28, r30
    251c:	d1 1d       	adc	r29, r1
    251e:	0f b6       	in	r0, 0x3f	; 63
    2520:	f8 94       	cli
    2522:	de bf       	out	0x3e, r29	; 62
    2524:	0f be       	out	0x3f, r0	; 63
    2526:	cd bf       	out	0x3d, r28	; 61
    2528:	ed 01       	movw	r28, r26
    252a:	08 95       	ret

0000252c <_exit>:
    252c:	f8 94       	cli

0000252e <__stop_program>:
    252e:	ff cf       	rjmp	.-2      	; 0x252e <__stop_program>
